pmid	title	journal	year	doi	oa_alex	oa_url	epmc_oa
10408639	Substrate and binding specificities of bacterial polyhydroxybutyrate depolymerases.	International journal of biological macromolecules	1999	10.1016/s0141-8130(99)00046-x	N		
10742216	Poly(3-hydroxyvalerate) depolymerase of Pseudomonas lemoignei.	Applied and environmental microbiology	2000	10.1128/aem.66.4.1385-1392.2000	Y	https://www.ncbi.nlm.nih.gov/pmc/articles/91997	
10772473	Characterization of an extracellular poly(3-hydroxy-5-phenylvalerate) depolymerase from Xanthomonas sp. JS02.	Applied microbiology and biotechnology	2000	10.1007/s002530050028	N		
11004196	Mobilization of poly(3-hydroxybutyrate) in Ralstonia eutropha.	Journal of bacteriology	2000	10.1128/jb.182.20.5916-5918.2000	Y	https://www.ncbi.nlm.nih.gov/pmc/articles/94719	
11114905	Cloning of an intracellular Poly[D(-)-3-Hydroxybutyrate] depolymerase gene from Ralstonia eutropha H16 and characterization of the gene product.	Journal of bacteriology	2001	10.1128/jb.183.1.94-100.2001	Y	https://www.ncbi.nlm.nih.gov/pmc/articles/94854	
11267773	Identification of the intracellular polyhydroxyalkanoate depolymerase gene of Paracoccus denitrificans and some properties of the gene product.	FEMS microbiology letters	2001	10.1111/j.1574-6968.2001.tb10558.x	Y	https://academic.oup.com/femsle/article-pdf/196/2/159/19116300/196-2-159.pdf	
11710119	Function of the catalytic domain of poly(3-hydroxybutyrate) depolymerase from Pseudomonas stutzeri.	Biomacromolecules	2000	10.1021/bm000026i	N		
11770850	Degradation of poly (3-hydroxybutyrate) and its copolymer poly (3-hydroxybutyrate-co-3-hydroxyvalerate) by a marine Streptomyces sp. SNG9.	Microbiological research	2001	10.1078/0944-5013-00115	Y	https://www.sciencedirect.com/science/article/pii/S0944501304700440/pdf	
11814660	Purification and properties of D-(-)-3-hydroxybutyrate oligomer hydrolase of Paracoccus denitrificans.	FEMS microbiology letters	2002	10.1111/j.1574-6968.2002.tb11006.x	Y	https://academic.oup.com/femsle/article-pdf/206/2/179/19111027/206-2-179.pdf	
11888314	Characterization of an extracellular medium-chain-length poly(3-hydroxyalkanoate) depolymerase from Pseudomonas alcaligenes LB19.	Biomacromolecules	2002	10.1021/bm010113q	N		
12007811	Production of PHA depolymerase A (PhaZ5) from Paucimonas lemoignei in Bacillus subtilis.	FEMS microbiology letters	2002	10.1111/j.1574-6968.2002.tb11137.x	N		
12070691	Cloning and sequencing of an intracellular D(-)-3-hydroxybutyrate oligomer hydrolase from Acidovorax sp. strain SA1 and purification of the enzyme.	Current microbiology	2002	10.1007/s00284-001-0093-6	N		
12099828	"The ""PHB depolymerase inhibitor"" of Paucimonas lemoignei is a PHB depolymerase."	Biomacromolecules	2002	10.1021/bm025519x	N		
12099829	Enzymatic hydrolysis of bacterial poly(3-hydroxybutyrate-co-3-hydroxypropionate)s by poly(3-hydroxyalkanoate) depolymerase from Acidovorax Sp. TP4.	Biomacromolecules	2002	10.1021/bm020019p	N		
12139978	Biochemical and enzymological properties of the polyhydroxybutyrate synthase from the extremely halophilic archaeon strain 56.	Archives of biochemistry and biophysics	2002	10.1016/s0003-9861(02)00234-5	N		
12194204	Genetic determination of polyhydroxyalkanoate metabolism in Rhodobacter capsulatus SB1003.	Folia biologica	2002	10.14712/fb2002048040157	Y	https://foliabiologica.lf1.cuni.cz/media/pdf/fb_2002048040157.pdf	
12213937	Microbial degradation of polyhydroxyalkanoates.	Annual review of microbiology	2002	10.1146/annurev.micro.56.012302.160838	N		
12217032	Enzymatic hydrolysis of chemosynthesized atactic poly(3-hydroxybutyrate) by poly(3-hydroxyalkanoate) depolymerase from Acidovorax Sp. TP4 and Ralstonia pickettii T1.	Biomacromolecules	2002	10.1021/bm020052b	N		
12632261	Application of crossover-PCR-mediated deletion-insertion mutagenesis to analysis of the bdhA-xdhA2-xdhB2 mixed-function operon of Sinorhizobium meliloti.	Archives of microbiology	2003	10.1007/s00203-003-0532-9	N		
12759786	Effect of inactivation of poly(hydroxyalkanoates) depolymerase gene on the properties of poly(hydroxyalkanoates) in Pseudomonas resinovorans.	Applied microbiology and biotechnology	2003	10.1007/s00253-003-1317-4	N		
12775684	Purification and properties of an intracellular 3-hydroxybutyrate-oligomer hydrolase (PhaZ2) in Ralstonia eutropha H16 and its identification as a novel intracellular poly(3-hydroxybutyrate) depolymerase.	Journal of bacteriology	2003	10.1128/jb.185.12.3485-3490.2003	Y	https://www.ncbi.nlm.nih.gov/pmc/articles/156217	
12785312	Characterization of an extracellular medium-chain-length poly(3-hydroxyalkanoate) depolymerase from Streptomyces sp. KJ-72.	Antonie van Leeuwenhoek	2003	10.1023/a:1023395527073	N		
12813072	Ralstonia eutropha H16 encodes two and possibly three intracellular Poly[D-(-)-3-hydroxybutyrate] depolymerase genes.	Journal of bacteriology	2003	10.1128/jb.185.13.3788-3794.2003	N		
12855176	Identification and characterisation of the catalytic triad of the alkaliphilic thermotolerant PHA depolymerase PhaZ7 of Paucimonas lemoignei.	FEMS microbiology letters	2003	10.1016/s0378-1097(03)00425-7	N		
12898135	Poly beta-hydroxybutyrate depolymerase (PhaZ) in Azospirillum brasilense and characterization of a phaZ mutant.	Archives of microbiology	2003	10.1007/s00203-003-0590-z	N		
14607367	Cloning, expression and characterization of a poly(3-hydroxybutyrate) depolymerase from Marinobacter sp. NK-1.	International journal of biological macromolecules	2003	10.1016/j.ijbiomac.2003.08.006	N		
14757249	The activator of the Rhodospirillum rubrum PHB depolymerase is a polypeptide that is extremely resistant to high temperature (121 degrees C) and other physical or chemical stresses.	FEMS microbiology letters	2004	10.1016/s0378-1097(03)00919-4	Y	https://academic.oup.com/femsle/article-pdf/230/2/265/19114376/230-2-265.pdf	
1476778	Intracellular degradation of poly(3-hydroxybutyrate) granules of Zoogloea ramigera I-16-M.	FEMS microbiology reviews	1992	10.1016/0378-1097(92)90327-k	Y	https://academic.oup.com/femsre/article-pdf/9/2-4/333/18130657/9-2-4-333.pdf	
15060050	Unraveling the function of the Rhodospirillum rubrum activator of polyhydroxybutyrate (PHB) degradation: the activator is a PHB-granule-bound protein (phasin).	Journal of bacteriology	2004	10.1128/jb.186.8.2466-2475.2004	Y	https://www.ncbi.nlm.nih.gov/pmc/articles/412128	
15170237	Roles of poly(3-hydroxybutyrate) depolymerase and 3HB-oligomer hydrolase in bacterial PHB metabolism.	Current microbiology	2004	10.1007/s00284-003-4227-x	N		
15289671	Degradation of microbial polyesters.	Biotechnology letters	2004	10.1023/b:bile.0000036599.15302.e5	N		
15340791	Thermotolerant poly(3-hydroxybutyrate)-degrading bacteria from hot compost and characterization of the PHB depolymerase of Schlegelella sp. KB1a.	Archives of microbiology	2004	10.1007/s00203-004-0684-2	N		
15489436	"The ""intracellular"" poly(3-hydroxybutyrate) (PHB) depolymerase of Rhodospirillum rubrum is a periplasm-located protein with specificity for native PHB and with structural similarity to extracellular PHB depolymerases."	Journal of bacteriology	2004	10.1128/jb.186.21.7243-7253.2004	Y	https://www.ncbi.nlm.nih.gov/pmc/articles/523223	
15621424	Characterization of bdhA, encoding the enzyme D-3-hydroxybutyrate dehydrogenase, from Sinorhizobium sp. strain NGR234.	FEMS microbiology letters	2005	10.1016/j.femsle.2004.10.043	Y	https://academic.oup.com/femsle/article-pdf/242/1/87/19127584/242-1-87.pdf	
15774885	The presumptive magnetosome protein Mms16 is a poly(3-hydroxybutyrate) granule-bound protein (phasin) in Magnetospirillum gryphiswaldense.	Journal of bacteriology	2005	10.1128/jb.187.7.2416-2425.2005	Y	http://dx.doi.org/10.1128/JB.187.7.2416-2425.2005	
15995648	Molecular characterization of extracellular medium-chain-length poly(3-hydroxyalkanoate) depolymerase genes from Pseudomonas alcaligenes strains.	Journal of microbiology (Seoul, Korea)	2005		N		
16030206	Novel intracellular 3-hydroxybutyrate-oligomer hydrolase in Wautersia eutropha H16.	Journal of bacteriology	2005	10.1128/jb.187.15.5129-5135.2005	Y	https://www.ncbi.nlm.nih.gov/pmc/articles/1196019	
16107752	Degradation of polyesters by a novel marine Nocardiopsis aegyptia sp. nov.: application of Plackett-Burman experimental design for the improvement of PHB depolymerase activity.	The Journal of general and applied microbiology	2005	10.2323/jgam.51.151	Y	https://www.jstage.jst.go.jp/article/jgam/51/3/51_3_151/_pdf	
16175209	Comparison of the symbiotic and competition phenotypes of Sinorhizobium meliloti PHB synthesis and degradation pathway mutants.	Canadian journal of microbiology	2005	10.1139/w05-042	N		
16199568	Properties of a novel intracellular poly(3-hydroxybutyrate) depolymerase with high specific activity (PhaZd) in Wautersia eutropha H16.	Journal of bacteriology	2005	10.1128/jb.187.20.6982-6990.2005	Y	https://www.ncbi.nlm.nih.gov/pmc/articles/1251622	
16232726	Purification and characterization of extracellular medium-chain-length polyhydroxyalkanoate depolymerase from Pseudomonas sp. RY-1.	Journal of bioscience and bioengineering	2000	10.1016/s1389-1723(00)88737-x	N		
16233278	Cloning of an intracellular D(-)-3-hydroxybutyrate-oligomer hydrolase gene from Ralstonia eutropha H16 and identification of the active site serine residue by site-directed mutagenesis.	Journal of bioscience and bioengineering	2002	10.1263/jbb.94.106	N		
16233560	Catalytic triad of intracellular poly(3-hydroxybutyrate) depolymerase (PhaZ1) in Ralstonia eutropha H16.	Journal of bioscience and bioengineering	2003	10.1016/s1389-1723(03)70136-4	N		
16405909	The crystal structure of polyhydroxybutyrate depolymerase from Penicillium funiculosum provides insights into the recognition and degradation of biopolyesters.	Journal of molecular biology	2006	10.1016/j.jmb.2005.12.028	N		
16614903	A novel PHB depolymerase from a thermophilic Streptomyces sp.	Biotechnology letters	2006	10.1007/s10529-005-6063-5	N		
16935252	Characterization of two 3-hydroxybutyrate dehydrogenases in poly(3-hydroxybutyrate)-degradable bacterium, Ralstonia pickettii T1.	Journal of bioscience and bioengineering	2006	10.1263/jbb.101.501	N		
16936025	Identification and characterization of the Bacillus thuringiensis phaZ gene, encoding new intracellular poly-3-hydroxybutyrate depolymerase.	Journal of bacteriology	2006	10.1128/jb.00729-06	Y	https://www.ncbi.nlm.nih.gov/pmc/articles/1636284	
16963553	Effects of mutations in the substrate-binding domain of poly[(R)-3-hydroxybutyrate] (PHB) depolymerase from Ralstonia pickettii T1 on PHB degradation.	Applied and environmental microbiology	2006	10.1128/aem.01187-06	Y	https://www.ncbi.nlm.nih.gov/pmc/articles/1636158	
17064368	Isolation of a Gram-positive poly(3-hydroxybutyrate) (PHB)-degrading bacterium from compost, and cloning and characterization of a gene encoding PHB depolymerase of Bacillus megaterium N-18-25-9.	FEMS microbiology letters	2006	10.1111/j.1574-6968.2006.00448.x	Y	https://academic.oup.com/femsle/article-pdf/264/2/152/19125828/264-2-152.pdf	
17170116	Biochemical evidence that phaZ gene encodes a specific intracellular medium chain length polyhydroxyalkanoate depolymerase in Pseudomonas putida KT2442: characterization of a paradigmatic enzyme.	The Journal of biological chemistry	2007	10.1074/jbc.m608119200	Y	http://www.jbc.org/article/S0021925820650694/pdf	
17547455	Adsorption and hydrolysis reactions of poly(hydroxybutyric acid) depolymerases secreted from Ralstonia pickettii T1 and Penicillium funiculosum onto poly[(R)-3-hydroxybutyric acid].	Biomacromolecules	2007	10.1021/bm070231z	N		
17675423	Molecular characterization of the phaECHm genes, required for biosynthesis of poly(3-hydroxybutyrate) in the extremely halophilic archaeon Haloarcula marismortui.	Applied and environmental microbiology	2007	10.1128/aem.00953-07	Y	https://www.ncbi.nlm.nih.gov/pmc/articles/2075026	
17964488	Purification and molecular cloning of an intracellular 3-hydroxybutyrate-oligomer hydrolase from Paucimonas lemoignei.	Journal of bioscience and bioengineering	2007	10.1263/jbb.104.224	N		
18156336	Poly(3-hydroxybutyrate) (PHB) depolymerase PhaZa1 is involved in mobilization of accumulated PHB in Ralstonia eutropha H16.	Applied and environmental microbiology	2008	10.1128/aem.02342-07	N		
18340545	Secretion pathway for the poly(3-hydroxybutyrate) depolymerase in Ralstonia pickettii T1.	Antonie van Leeuwenhoek	2008	10.1007/s10482-008-9235-1	N		
18706425	Structural basis of poly(3-hydroxybutyrate) hydrolysis by PhaZ7 depolymerase from Paucimonas lemoignei.	Journal of molecular biology	2008	10.1016/j.jmb.2008.07.078	N		
19103481	Enhanced production of medium-chain-length polyhydroxyalkanoates (PHA) by PHA depolymerase knockout mutant of Pseudomonas putida KT2442.	Bioresource technology	2009	10.1016/j.biortech.2008.11.020	N		
19107395	Stable expression and secretion of polyhydroxybutyrate depolymerase of Paucimonas lemoignei in Escherichia coli.	Journal of microbiology (Seoul, Korea)	2008	10.1007/s12275-008-0283-z	N		
19214501	An extracellular polyhydroxybutyrate depolymerase in Thermus thermophilus HB8.	Applied microbiology and biotechnology	2009	10.1007/s00253-008-1842-2	N		
19219638	Characterization of a novel 3-hydroxybutyrate dehydrogenase from Ralstonia pickettii T1.	Antonie van Leeuwenhoek	2009	10.1007/s10482-009-9308-9	N		
19267463	Simultaneous accumulation and degradation of polyhydroxyalkanoates: futile cycle or clever regulation?	Biomacromolecules	2009	10.1021/bm801431c	N		
19296857	The PHA Depolymerase Engineering Database: A systematic analysis tool for the diverse family of polyhydroxyalkanoate (PHA) depolymerases.	BMC bioinformatics	2009	10.1186/1471-2105-10-89	Y	https://bmcbioinformatics.biomedcentral.com/counter/pdf/10.1186/1471-2105-10-89	
19561190	Identification and characterization of a novel intracellular poly(3-hydroxybutyrate) depolymerase from Bacillus megaterium.	Applied and environmental microbiology	2009	10.1128/aem.00621-09	Y	https://www.ncbi.nlm.nih.gov/pmc/articles/2725475	
19648370	Identification of the polyhydroxyalkanoate (PHA)-specific acetoacetyl coenzyme A reductase among multiple FabG paralogs in Haloarcula hispanica and reconstruction of the PHA biosynthetic pathway in Haloferax volcanii.	Applied and environmental microbiology	2009	10.1128/aem.00938-09	Y	https://www.ncbi.nlm.nih.gov/pmc/articles/2753056	
19788655	The turnover of medium-chain-length polyhydroxyalkanoates in Pseudomonas putida KT2442 and the fundamental role of PhaZ depolymerase for the metabolic balance.	Environmental microbiology	2010	10.1111/j.1462-2920.2009.02061.x	N		
1989978	Metabolism of poly(3-hydroxyalkanoates) (PHAs) by Pseudomonas oleovorans. Identification and sequences of genes and function of the encoded proteins in the synthesis and degradation of PHA.	The Journal of biological chemistry	1991	10.1016/s0021-9258(18)52227-4	Y	https://doi.org/10.1016/s0021-9258(18)52227-4	
20058938	Degradation and adsorption characteristics of PHB depolymerase as revealed by kinetics of mutant enzymes with amino acid substitution in substrate-binding domain.	Biomacromolecules	2010	10.1021/bm900967a	N		
20346169	Identification and characterization of the intracellular poly-3-hydroxybutyrate depolymerase enzyme PhaZ of Sinorhizobium meliloti.	BMC microbiology	2010	10.1186/1471-2180-10-92	Y	https://bmcmicrobiol.biomedcentral.com/counter/pdf/10.1186/1471-2180-10-92	
20406286	The PhaD regulator controls the simultaneous expression of the pha genes involved in polyhydroxyalkanoate metabolism and turnover in Pseudomonas putida KT2442.	Environmental microbiology	2010	10.1111/j.1462-2920.2010.02199.x	N		
20437233	Identification of polyhydroxyalkanoates in Halococcus and other haloarchaeal species.	Applied microbiology and biotechnology	2010	10.1007/s00253-010-2611-6	Y	https://link.springer.com/content/pdf/10.1007/s00253-010-2611-6.pdf	
20516591	The structure of PhaZ7 at atomic (1.2 A) resolution reveals details of the active site and suggests a substrate-binding mode.	Acta crystallographica. Section F, Structural biology and crystallization communications	2010	10.1107/s174430911001434x	Y	http://journals.iucr.org/f/issues/2010/06/00/hv5155/hv5155.pdf	
21274528	Biochemical characterization of a new type of intracellular PHB depolymerase from Rhodospirillum rubrum with high hydrolytic activity on native PHB granules.	Applied microbiology and biotechnology	2011	10.1007/s00253-011-3096-7	N		
21369777	Purification, characterization and kinetic studies of a novel poly(β) hydroxybutyrate (PHB) depolymerase PhaZ(Pen) from Penicillium citrinum S2.	Applied biochemistry and biotechnology	2011	10.1007/s12010-011-9208-0	N		
21845385	Extracellular production of Streptomyces exfoliatus poly(3-hydroxybutyrate) depolymerase in Rhodococcus sp. T104: determination of optimal biocatalyst conditions.	Applied microbiology and biotechnology	2012	10.1007/s00253-011-3527-5	N		
21948827	Identification and characterization of a novel class of extracellular poly(3-hydroxybutyrate) depolymerase from Bacillus sp. strain NRRL B-14911.	Applied and environmental microbiology	2011	10.1128/aem.06069-11	Y	https://aem.asm.org/content/aem/77/22/7924.full.pdf	
22247127	Identification of the haloarchaeal phasin (PhaP) that functions in polyhydroxyalkanoate accumulation and granule formation in Haloferax mediterranei.	Applied and environmental microbiology	2012	10.1128/aem.07114-11	Y	https://aem.asm.org/content/aem/78/6/1946.full.pdf	
22537946	Examination of PHB Depolymerases in Ralstonia eutropha: Further Elucidation of the Roles of Enzymes in PHB Homeostasis.	AMB Express	2012	10.1186/2191-0855-2-26	Y	https://amb-express.springeropen.com/counter/pdf/10.1186/2191-0855-2-26	
22695803	Polyester hydrolytic and synthetic activity catalyzed by the medium-chain-length poly(3-hydroxyalkanoate) depolymerase from Streptomyces venezuelae SO1.	Applied microbiology and biotechnology	2013	10.1007/s00253-012-4210-1	N		
22706067	Identification and biochemical evidence of a medium-chain-length polyhydroxyalkanoate depolymerase in the Bdellovibrio bacteriovorus predatory hydrolytic arsenal.	Applied and environmental microbiology	2012	10.1128/aem.01099-12	Y	https://aem.asm.org/content/aem/78/17/6017.full.pdf	
22865072	Characterization of a novel subgroup of extracellular medium-chain-length polyhydroxyalkanoate depolymerases from actinobacteria.	Applied and environmental microbiology	2012	10.1128/aem.01707-12	Y	https://aem.asm.org/content/aem/78/20/7229.full.pdf	
23445364	Tight coupling of polymerization and depolymerization of polyhydroxyalkanoates ensures efficient management of carbon resources in Pseudomonas putida.	Microbial biotechnology	2013	10.1111/1751-7915.12040	Y	https://onlinelibrary.wiley.com/doi/pdfdirect/10.1111/1751-7915.12040	
23667237	Poly(3-hydroxybutyrate) degradation in Ralstonia eutropha H16 is mediated stereoselectively to (S)-3-hydroxybutyryl coenzyme A (CoA) via crotonyl-CoA.	Journal of bacteriology	2013	10.1128/jb.00358-13	Y	https://jb.asm.org/content/jb/195/14/3213.full.pdf	
23951224	Novel extracellular PHB depolymerase from Streptomyces ascomycinicus: PHB copolymers degradation in acidic conditions.	PloS one	2013	10.1371/journal.pone.0071699	Y	https://journals.plos.org/plosone/article/file?id=10.1371/journal.pone.0071699&type=printable	
24007310	Biochemical analysis and structure determination of Paucimonas lemoignei poly(3-hydroxybutyrate) (PHB) depolymerase PhaZ7 muteins reveal the PHB binding site and details of substrate-enzyme interactions.	Molecular microbiology	2013	10.1111/mmi.12391	Y	https://onlinelibrary.wiley.com/doi/pdfdirect/10.1111/mmi.12391	
24146107	Transcriptional repression of the poly(3-hydroxybutyrate) depolymerase in Ralstonia pickettii T1 by a tetR-like gene.	Antonie van Leeuwenhoek	2014	10.1007/s10482-013-0056-5	N		
24271169	3-Hydroxybutyrate oligomer hydrolase and 3-hydroxybutyrate dehydrogenase participate in intracellular polyhydroxybutyrate and polyhydroxyvalerate degradation in Paracoccus denitrificans.	Applied and environmental microbiology	2014	10.1128/aem.03396-13	Y	https://aem.asm.org/content/aem/80/3/986.full.pdf	
24632193	Engineering the diversity of polyesters.	Current opinion in biotechnology	2014	10.1016/j.copbio.2014.02.013	N		
24751505	Cell system engineering to produce extracellular polyhydroxyalkanoate depolymerase with targeted applications.	International journal of biological macromolecules	2014	10.1016/j.ijbiomac.2014.04.013	N		
24907326	To be or not to be a poly(3-hydroxybutyrate) (PHB) depolymerase: PhaZd1 (PhaZ6) and PhaZd2 (PhaZ7) of Ralstonia eutropha, highly active PHB depolymerases with no detectable role in mobilization of accumulated PHB.	Applied and environmental microbiology	2014	10.1128/aem.01056-14	Y	https://aem.asm.org/content/aem/80/16/4936.full.pdf	
25286954	Crystallization and preliminary crystallographic analysis of poly(3-hydroxybutyrate) depolymerase from Bacillus thuringiensis.	Acta crystallographica. Section F, Structural biology communications	2014	10.1107/s2053230x14019347	Y	http://journals.iucr.org/f/issues/2014/10/00/pg5047/pg5047.pdf	
25328684	A Simple Route for Purifying Extracellular Poly(3-hydroxybutyrate)-depolymerase from Penicillium pinophilum.	Enzyme research	2014	10.1155/2014/159809	Y	https://downloads.hindawi.com/archive/2014/159809.pdf	
25502823	In silico metagenomes mining to discover novel esterases with industrial application by sequential search strategies.	Journal of microbiology and biotechnology	2015	10.4014/jmb.1406.06049	Y	https://www.jmb.or.kr/journal/download_pdf.php?doi=10.4014/jmb.1406.06049	
25556866	Identification and characterization of genes, encoding the 3-hydroxybutyrate dehydrogenase and a putative lipase, in an avirulent spontaneous Legionella pneumophila serogroup 6 mutant.	APMIS : acta pathologica, microbiologica, et immunologica Scandinavica	2015	10.1111/apm.12349	Y	https://onlinelibrary.wiley.com/doi/pdfdirect/10.1111/apm.12349	
25563970	Carbon-limited fed-batch production of medium-chain-length polyhydroxyalkanoates by a phaZ-knockout strain of Pseudomonas putida KT2440.	Journal of industrial microbiology & biotechnology	2015	10.1007/s10295-014-1574-5	Y	https://academic.oup.com/jimb/article-pdf/42/4/637/36813238/jimb0637.pdf	
25710370	A patatin-like protein associated with the polyhydroxyalkanoate (PHA) granules of Haloferax mediterranei acts as an efficient depolymerase in the degradation of native PHA.	Applied and environmental microbiology	2015	10.1128/aem.04269-14	Y	https://aem.asm.org/content/aem/81/9/3029.full.pdf	
26156240	Novel extracellular medium-chain-length polyhydroxyalkanoate depolymerase from Streptomyces exfoliatus K10 DSMZ 41693: a promising biocatalyst for the efficient degradation of natural and functionalized mcl-PHAs.	Applied microbiology and biotechnology	2015	10.1007/s00253-015-6780-1	N		
26311173	The metabolism of (R)-3-hydroxybutyrate is regulated by the enhancer-binding protein PA2005 and the alternative sigma factor RpoN in Pseudomonas aeruginosa PAO1.	Microbiology (Reading, England)	2015	10.1099/mic.0.000163	Y	https://www.ncbi.nlm.nih.gov/pmc/articles/4806590	
26409775	The 'PHAome'.	Trends in biotechnology	2015	10.1016/j.tibtech.2015.07.006	N		
2644188	Cloning, nucleotide sequence, and expression in Escherichia coli of the gene for poly(3-hydroxybutyrate) depolymerase from Alcaligenes faecalis.	Journal of bacteriology	1989	10.1128/jb.171.1.184-189.1989	Y	https://www.ncbi.nlm.nih.gov/pmc/articles/209571	
26664741	Extracellular Polyhydroxyalkanoate Depolymerase by Acidovorax sp. DP5.	Enzyme research	2015	10.1155/2015/212159	Y	https://downloads.hindawi.com/archive/2015/212159.pdf	
27052994	Enoyl-CoA hydratase mediates polyhydroxyalkanoate mobilization in Haloferax mediterranei.	Scientific reports	2016	10.1038/srep24015	Y	https://www.nature.com/articles/srep24015.pdf	
27059479	A study on the relation between poly(3-hydroxybutyrate) depolymerases or oligomer hydrolases and molecular weight of polyhydroxyalkanoates accumulating in Cupriavidus necator H16.	Journal of biotechnology	2016	10.1016/j.jbiotec.2016.04.004	N		
27098259	Environmental biodegradation of haloarchaea-produced poly(3-hydroxybutyrate-co-3-hydroxyvalerate) in activated sludge.	Applied microbiology and biotechnology	2016	10.1007/s00253-016-7528-2	N		
28324398	Poly(-β-hydroxybutyrate) (PHB) depolymerase PHAZ <sub>Pen</sub> from Penicillium expansum: purification, characterization and kinetic studies.	3 Biotech	2015	10.1007/s13205-015-0287-4	Y	https://link.springer.com/content/pdf/10.1007/s13205-015-0287-4.pdf	
28330251	Stenotrophomonas sp. RZS 7, a novel PHB degrader isolated from plastic contaminated soil in Shahada, Maharashtra, Western India.	3 Biotech	2016	10.1007/s13205-016-0477-8	Y	https://link.springer.com/content/pdf/10.1007/s13205-016-0477-8.pdf	
28370478	Crystal structure analysis, covalent docking, and molecular dynamics calculations reveal a conformational switch in PhaZ7 PHB depolymerase.	Proteins	2017	10.1002/prot.25296	N		
28618347	Biodegradation and biocompatibility of haloarchaea-produced poly(3-hydroxybutyrate-co-3-hydroxyvalerate) copolymers.	Biomaterials	2017	10.1016/j.biomaterials.2017.06.006	N		
28952537	The Bistable Behaviour of Pseudomonas putida KT2440 during PHA Depolymerization under Carbon Limitation.	Bioengineering (Basel, Switzerland)	2017	10.3390/bioengineering4020058	Y	https://www.mdpi.com/2306-5354/4/2/58/pdf?version=1497861398	
29435618	Inactivation of an intracellular poly-3-hydroxybutyrate depolymerase of Azotobacter vinelandii allows to obtain a polymer of uniform high molecular mass.	Applied microbiology and biotechnology	2018	10.1007/s00253-018-8806-y	N		
29678915	Poly(3-Hydroxybutyrate) (PHB) Polymerase PhaC1 and PHB Depolymerase PhaZa1 of Ralstonia eutropha Are Phosphorylated <i>In Vivo</i>.	Applied and environmental microbiology	2018	10.1128/aem.00604-18	Y	https://aem.asm.org/content/aem/84/13/e00604-18.full.pdf	
29951858	Polyhydroxybutyrate (PHB) biodegradation using bacterial strains with demonstrated and predicted PHB depolymerase activity.	Applied microbiology and biotechnology	2018	10.1007/s00253-018-9153-8	N		
30455023	Anaerobic degradation of bioplastics: A review.	Waste management (New York, N.Y.)	2018	10.1016/j.wasman.2018.09.040	N		
30705313	Bioinformatics Analysis of Metabolism Pathways of Archaeal Energy Reserves.	Scientific reports	2019	10.1038/s41598-018-37768-0	Y	https://www.nature.com/articles/s41598-018-37768-0.pdf	
30995811	Polyhydroxyalkanoate Biosynthesis at the Edge of Water Activitiy-Haloarchaea as Biopolyester Factories.	Bioengineering (Basel, Switzerland)	2019	10.3390/bioengineering6020034	Y	https://www.mdpi.com/2306-5354/6/2/34/pdf?version=1556533435	
31211775	Purification and kinetics of the PHB depolymerase of Microbacterium paraoxydans RZS6 isolated from a dumping yard.	PloS one	2019	10.1371/journal.pone.0212324	Y	https://journals.plos.org/plosone/article/file?id=10.1371/journal.pone.0212324&type=printable	
31910206	Production, purification and evaluation of biodegradation potential of PHB depolymerase of Stenotrophomonas sp. RZS7.	PloS one	2020	10.1371/journal.pone.0220095	Y	https://journals.plos.org/plosone/article/file?id=10.1371/journal.pone.0220095&type=printable	
32369496	Identification and characterization of a novel extracellular polyhydroxyalkanoate depolymerase in the complete genome sequence of Undibacterium sp. KW1 and YM2 strains.	PloS one	2020	10.1371/journal.pone.0232698	Y	https://journals.plos.org/plosone/article/file?id=10.1371/journal.pone.0232698&type=printable	
33076314	Review on the Biological Degradation of Polymers in Various Environments.	Materials (Basel, Switzerland)	2020	10.3390/ma13204586	Y	https://www.mdpi.com/1996-1944/13/20/4586/pdf	
33496062	The phylogenetic and global distribution of bacterial polyhydroxyalkanoate bioplastic-degrading genes.	Environmental microbiology	2021	10.1111/1462-2920.15409	N		
34069083	Analysis of Polyhydroxyalkanoates Granules in <i>Haloferax mediterranei</i> by Double-Fluorescence Staining with Nile Red and SYBR Green by Confocal Fluorescence Microscopy.	Polymers	2021	10.3390/polym13101582	Y	https://www.mdpi.com/2073-4360/13/10/1582/pdf?version=1628128985	
34160268	Sea-Ice Bacteria <i>Halomonas</i> sp. Strain 363 and <i>Paracoccus</i> sp. Strain 392 Produce Multiple Types of Poly-3-Hydroxyalkaonoic Acid (PHA) Storage Polymers at Low Temperature.	Applied and environmental microbiology	2021	10.1128/aem.00929-21	Y	https://doi.org/10.1128/aem.00929-21	
34342882	PHA granule formation and degradation by Cupriavidus necator under different nutritional conditions.	Journal of basic microbiology	2021	10.1002/jobm.202100184	N		
34700384	Plastic-Degrading Potential across the Global Microbiome Correlates with Recent Pollution Trends.	mBio	2021	10.1128/mbio.02155-21	Y	https://doi.org/10.1128/mbio.02155-21	
35266524	PlasticDB: a database of microorganisms and proteins linked to plastic biodegradation.	Database : the journal of biological databases and curation	2022	10.1093/database/baac008	Y	https://academic.oup.com/database/article-pdf/doi/10.1093/database/baac008/42794560/baac008.pdf	
35421107	Isolation and optimization of extracellular PHB depolymerase producer Aeromonas caviae Kuk1-(34) for sustainable solid waste management of biodegradable polymers.	PloS one	2022	10.1371/journal.pone.0264207	Y	https://journals.plos.org/plosone/article/file?id=10.1371/journal.pone.0264207&type=printable	
36125959	<i>In silico</i> identification of bacterial seaweed-degrading bioplastic producers.	Microbial genomics	2022	10.1099/mgen.0.000866	Y	https://doi.org/10.1099/mgen.0.000866	
36222314	Bioplastic degradation by a polyhydroxybutyrate depolymerase from a thermophilic soil bacterium.	Protein science : a publication of the Protein Society	2022	10.1002/pro.4470	Y	https://onlinelibrary.wiley.com/doi/pdfdirect/10.1002/pro.4470	
37311705	Poly(3-hydroxybutyrate) Degradation by <i>Bacillus infantis</i> sp. Isolated from Soil and Identification of <i>phaZ</i> and <i>bdhA</i> Expressing PHB Depolymerase.	Journal of microbiology and biotechnology	2023	10.4014/jmb.2303.03013	Y	https://www.jmb.or.kr/journal/download_pdf.php?doi=10.4014/jmb.2303.03013	
37639167	Purification and characterization of extracellular PHB depolymerase enzyme from Aeromonas caviae Kuk1-(34) and their biodegradation studies with polymer films.	Biodegradation	2024	10.1007/s10532-023-10051-4	N		
38272380	PHA is not just a bioplastic!	Biotechnology advances	2024	10.1016/j.biotechadv.2024.108320	N		
38278791	Microbial decomposition of biodegradable plastics on the deep-sea floor.	Nature communications	2024	10.1038/s41467-023-44368-8	Y	https://www.nature.com/articles/s41467-023-44368-8.pdf	
38969063	Elucidating regulation of polyhydroxyalkanoate metabolism in Ralstonia eutropha: Identification of transcriptional regulators from phasin and depolymerase genes.	The Journal of biological chemistry	2024	10.1016/j.jbc.2024.107523	Y	https://www.jbc.org/article/S0021-9258(24)02024-6/pdf	
39310033	Insights into the biodegradation of polyhydroxyalkanoates by the tropical marine isolate, &lt;i&gt;Nocardiopsis dassonvillei&lt;/i&gt; NCIM 5124.	3 Biotech	2024	10.1007/s13205-024-04079-3	Y	https://pmc.ncbi.nlm.nih.gov/articles/PMC11415560/	
3942778	Degradation of poly(3-hydroxybutyrate) by poly(3-hydroxybutyrate) depolymerase from Alcaligenes faecalis T1.	Biochimica et biophysica acta	1986	10.1016/0304-4165(86)90118-2	N		
39592048	Structural insight into the poly(3-hydroxybutyrate) hydrolysis by intracellular PHB depolymerase from Bacillus thuringiensis.	International journal of biological macromolecules	2025	10.1016/j.ijbiomac.2024.137999	N		
39827799	Metagenomic and metatranscriptomic analyses reveal uncharted microbial constituents responsible for polyhydroxybutyrate biodegradation in coastal waters.	Journal of hazardous materials	2025	10.1016/j.jhazmat.2025.137202	Y	https://doi.org/10.1016/j.jhazmat.2025.137202	
40066265	Biodegradation of polyhydroxyalkanoates: current state and future prospects.	Frontiers in microbiology	2025	10.3389/fmicb.2025.1542468	Y	https://www.frontiersin.org/journals/microbiology/articles/10.3389/fmicb.2025.1542468/pdf	
40320445	Isolation of marine bacteria with potential for polyhydroxyalkanoate degradation and optimization for enzyme production.	Scientific reports	2025	10.1038/s41598-025-99034-4	Y	https://www.nature.com/articles/s41598-025-99034-4.pdf	
40392676	Microbial degradation of the artificial polyhydroxyalkanoate poly(2-hydroxybutyrate-co-3-hydroxybutyrate) with random and block sequences using soil bacteria.	Journal of applied microbiology	2025	10.1093/jambio/lxaf123	N		
40500476	Identification of an Extracellular Poly(3-hydroxybutyrate) Depolymerase in the Genus Alteromonas and Its Phylogenetic Distribution Among Alteromonas Species.	Marine biotechnology (New York, N.Y.)	2025	10.1007/s10126-025-10477-2	Y	https://hdl.handle.net/2115/97914	
40788578	Biodegradability of polyhydroxyalkanoate (PHA) biopolyesters in nature: a review.	Biodegradation	2025	10.1007/s10532-025-10164-y	Y	https://link.springer.com/content/pdf/10.1007/s10532-025-10164-y.pdf	
41055782	Revealing the essential role of the lid in mclPHA intracellular depolymerase from Pseudomonas putida KT2440.	Applied microbiology and biotechnology	2025	10.1007/s00253-025-13605-z	Y	https://link.springer.com/content/pdf/10.1007/s00253-025-13605-z.pdf	
41151231	Overexpression, biochemical characterization, and structural modeling of polyhydroxybutyrate depolymerase from Nocardiopsis dassonvillei.	Enzyme and microbial technology	2026	10.1016/j.enzmictec.2025.110767	N		
41173112	Functional characterization and domain shuffling of poly(3-hydroxybutyrate) depolymerases from Cupriavidus malaysiensis and Pseudomonas guguanensis for sustainable bioplastic degradation.	Bioresource technology	2026	10.1016/j.biortech.2025.133571	Y	https://doi.org/10.1016/j.biortech.2025.133571	
41176000	Tracking polyhydroxyalkanoate biosynthesis in thermophilic microorganisms.	International journal of biological macromolecules	2025	10.1016/j.ijbiomac.2025.148573	N		
41199521	Phasins PhbP2 and PhbP3 Are Involved in the Depolymerization of Polyhydroxybutyrate in Azotobacter vinelandii.	Journal of basic microbiology	2025	10.1002/jobm.70124	Y	https://doi.org/10.1002/jobm.70124	
41587207	PlasticEnz: An integrated database and screening tool combining homology and machine learning to identify plastic-degrading enzymes in meta-omics datasets.	PLoS computational biology	2026	10.1371/journal.pcbi.1013892	Y	https://journals.plos.org/ploscompbiol/article/file?id=10.1371/journal.pcbi.1013892&type=printable	
41664065	Gene expression analysis reveals distinct PHB depolymerization mechanisms and broader involvement of the PHB cycle in Rhodospirillum rubrum growing on acetate and fructose.	Microbial cell factories	2026	10.1186/s12934-026-02946-7	Y	https://doi.org/10.1186/s12934-026-02946-7	
41702408	Study of Microbial Communities in the Soda Lake of Isabel Island: Identification of Polyhydroxybutyrate (PHB) Degrading Enzymes.	Environmental microbiology reports	2026	10.1111/1758-2229.70279	Y	https://doi.org/10.1111/1758-2229.70279	
42203387	Polyhydroxyalkanoates as ecological currencies across the microbial tree of life.	Advances in microbial physiology	2026	10.1016/bs.ampbs.2026.02.003	N		
6626560	An extracellular D(-)-3-hydroxybutyrate oligomer hydrolase from Alcaligenes faecalis.	Biochimica et biophysica acta	1983	10.1016/0167-4838(83)90310-2	N		
7285912	Purification and properties of D(-)-3-hydroxybutyrate-dimer hydrolase from Zoogloea ramigera I-16-M.	European journal of biochemistry	1981	10.1111/j.1432-1033.1981.tb05502.x	Y	https://onlinelibrary.wiley.com/doi/pdfdirect/10.1111/j.1432-1033.1981.tb05502.x	
7606660	Characterization of the extracellular poly(3-hydroxybutyrate) depolymerase of Comamonas sp. and of its structural gene.	Canadian journal of microbiology	1995	10.1139/m95-183	N		
7646009	Properties of poly(3-hydroxybutyrate) depolymerase from a marine bacterium, Alcaligenes faecalis AE122.	Applied and environmental microbiology	1995	10.1128/aem.61.5.1727-1730.1995	Y	https://aem.asm.org/content/aem/61/5/1727.full.pdf	
7836292	Biochemical and molecular characterization of the Pseudomonas lemoignei polyhydroxyalkanoate depolymerase system.	Journal of bacteriology	1995	10.1128/jb.177.3.596-607.1995	Y	https://www.ncbi.nlm.nih.gov/pmc/articles/176633	
8269961	Cloning and characterization of the poly(hydroxyalkanoic acid)-depolymerase gene locus, phaZ1, of Pseudomonas lemoignei and its gene product.	European journal of biochemistry	1993	10.1111/j.1432-1033.1993.tb18424.x	N		
8373740	Enzymatic degradation of poly(hydroxyalkanoates) by Pseudomonas pickettii.	International journal of biological macromolecules	1993	10.1016/0141-8130(93)90040-s	N		
8764515	Determination of the active sites serine of the poly (3-hydroxybutyrate) depolymerases of Pseudomonas lemoignei (PhaZ5) and of Alcaligenes faecalis.	FEMS microbiology letters	1996	10.1111/j.1574-6968.1996.tb08370.x	N		
8810505	Taxonomic identification of Streptomyces exfoliatus K10 and characterization of its poly(3-hydroxybutyrate) depolymerase gene.	FEMS microbiology letters	1996	10.1111/j.1574-6968.1996.tb08433.x	N		
8837471	Poly(3-hydroxybutyrate) depolymerases bind to their substrate by a C-terminal located substrate binding site.	FEMS microbiology letters	1996	10.1111/j.1574-6968.1996.tb08479.x	N		
8981982	Purification of an extracellular D-(-)-3-hydroxybutyrate oligomer hydrolase from Pseudomonas sp. strain A1 and cloning and sequencing of its gene.	Journal of bacteriology	1997	10.1128/jb.179.1.72-77.1997	Y	https://www.ncbi.nlm.nih.gov/pmc/articles/178663	
9008883	Biodegradation of polyhydroxyalkanoic acids.	Applied microbiology and biotechnology	1996	10.1007/s002530050844	N		
9177489	Cloning of poly(3-hydroxybutyrate) depolymerase from a marine bacterium, Alcaligenes faecalis AE122, and characterization of its gene product.	Biochimica et biophysica acta	1997	10.1016/s0167-4781(97)00011-0	N		
9258668	Megaplasmid and chromosomal loci for the PHB degradation pathway in Rhizobium (Sinorhizobium) meliloti.	Genetics	1997	10.1093/genetics/146.4.1211	Y	https://academic.oup.com/genetics/article-pdf/146/4/1211/35202324/genetics1211.pdf	
9297825	Cloning of the gene for poly(3-hydroxybutyric acid) depolymerase of Comamonas testosteroni and functional analysis of its substrate-binding domain.	FEMS microbiology letters	1997	10.1111/j.1574-6968.1997.tb12628.x	N		
9371441	Structure and function of poly(3-hydroxybutyrate) depolymerase from Alcaligenes faecalis T1.	Journal of bacteriology	1997	10.1128/jb.179.22.6965-6970.1997	Y	https://jb.asm.org/content/jb/179/22/6965.full.pdf	
9406404	Biochemical and molecular characterization of the polyhydroxybutyrate depolymerase of Comamonas acidovorans YM1609, isolated from freshwater.	Applied and environmental microbiology	1997	10.1128/aem.63.12.4844-4852.1997	Y	https://aem.asm.org/content/aem/63/12/4844.full.pdf	
9785454	A novel heat-stable lipolytic enzyme from Sulfolobus acidocaldarius DSM 639 displaying similarity to polyhydroxyalkanoate depolymerases.	FEMS microbiology letters	1998	10.1111/j.1574-6968.1998.tb13209.x	Y	https://academic.oup.com/femsle/article-pdf/167/1/69/19095861/167-1-69.pdf	
9872779	Cloning and characterization of the polyhydroxybutyrate depolymerase gene of Pseudomonas stutzeri and analysis of the function of substrate-binding domains.	Applied and environmental microbiology	1999	10.1128/aem.65.1.189-197.1999	Y	https://aem.asm.org/content/aem/65/1/189.full.pdf	
9921137	Polyhydroxybutyrate: plastic made and degraded by microorganisms.	Reviews of environmental contamination and toxicology	1999	10.1007/978-1-4612-1496-0_1	N		
9922248	Poly-3-hydroxybutyrate degradation in Rhizobium (Sinorhizobium) meliloti: isolation and characterization of a gene encoding 3-hydroxybutyrate dehydrogenase.	Journal of bacteriology	1999	10.1128/jb.181.3.849-857.1999	Y	https://jb.asm.org/content/jb/181/3/849.full.pdf	
