genome	family	locus	copies	gtdb_taxonomy	phylum	class
GCA_001399795.1	ArchPhaZ_hydrolase	LIHK01000014.1_15	1	d__Archaea;p__Thermoproteota;c__Bathyarchaeia;o__Bathyarchaeales;f__Bathyarchaeaceae;g__BA2;s__BA2 sp001399795	Thermoproteota	Bathyarchaeia
GCA_001595945.1	ArchPhaZ_hydrolase	LSSI01000076.1_33	1	d__Archaea;p__Thermoplasmatota;c__E2;o__DHVEG-1;f__DHVEG-1;g__SM1-50;s__SM1-50 sp001595945	Thermoplasmatota	E2
GCA_002495185.1	ArchPhaZ_hydrolase	DAEB01000010.1_2	2	d__Archaea;p__Thermoplasmatota;c__Thermoplasmata;o__Lutacidiplasmatales;f__UBA184;g__Lutacidiplasma;s__Lutacidiplasma sp002495185	Thermoplasmatota	Thermoplasmata
GCA_002495185.1	ArchPhaZ_hydrolase	DAEB01000022.1_1	2	d__Archaea;p__Thermoplasmatota;c__Thermoplasmata;o__Lutacidiplasmatales;f__UBA184;g__Lutacidiplasma;s__Lutacidiplasma sp002495185	Thermoplasmatota	Thermoplasmata
GCA_002499905.1	ArchPhaZ_hydrolase	DANP01000023.1_3	1	d__Archaea;p__Halobacteriota;c__Methanomicrobia;o__Methanomicrobiales;f__Methanospirillaceae;g__UBA9949;s__UBA9949 sp002499905	Halobacteriota	Methanomicrobia
GCA_002900535.1	ArchPhaZ_hydrolase	MUGC01000006.1_29	2	d__Archaea;p__Thermoplasmatota;c__E2;o__DHVEG-1;f__DHVEG-1;g__M9B1D;s__M9B1D sp002900535	Thermoplasmatota	E2
GCA_002900535.1	ArchPhaZ_hydrolase	MUGC01000065.1_3	2	d__Archaea;p__Thermoplasmatota;c__E2;o__DHVEG-1;f__DHVEG-1;g__M9B1D;s__M9B1D sp002900535	Thermoplasmatota	E2
GCA_002923215.1	ArchPhaZ_hydrolase	BDTI01000039.1_8	1	d__Archaea;p__Hydrothermarchaeota;c__Hydrothermarchaeia;o__Hydrothermarchaeales;f__SZUA-236;g__SZUA-236;s__SZUA-236 sp002923215	Hydrothermarchaeota	Hydrothermarchaeia
GCA_003021655.1	ArchPhaZ_hydrolase	PXRP01000001.1_22	1	d__Archaea;p__Halobacteriota;c__Halobacteria;o__Halobacteriales;f__Haloarculaceae;g__QS-4-69-31;s__QS-4-69-31 sp003021655	Halobacteriota	Halobacteria
GCA_003021685.1	ArchPhaZ_hydrolase	PXRO01000011.1_29	1	d__Archaea;p__Halobacteriota;c__Halobacteria;o__Halobacteriales;f__Haloarculaceae;g__Halomicrobium;s__Halomicrobium sp003021685	Halobacteriota	Halobacteria
GCA_003230355.1	ArchPhaZ_hydrolase	QIDD01000021.1_5	1	d__Archaea;p__Hydrothermarchaeota;c__Hydrothermarchaeia;o__Hydrothermarchaeales;f__SZUA-236;g__SZUA-236;s__SZUA-236 sp003230355	Hydrothermarchaeota	Hydrothermarchaeia
GCA_003649715.1	ArchPhaZ_hydrolase	QMSS01000041.1_6	1	d__Archaea;p__Thermoplasmatota;c__E2;o__DHVEG-1;f__DHVEG-1;g__B82-G9;s__B82-G9 sp003649715	Thermoplasmatota	E2
GCA_003649845.1	ArchPhaZ_hydrolase	QMTB01000035.1_4	1	d__Archaea;p__Thermoplasmatota;c__E2;o__DHVEG-1;f__DHVEG-1;g__B44-G15;s__B44-G15 sp003649845	Thermoplasmatota	E2
GCA_003661965.1	ArchPhaZ_hydrolase	QMXD01000060.1_3	1	d__Archaea;p__Thermoproteota;c__Bathyarchaeia;o__Hecatellales;f__Hecatellaceae;g__EX4484-218;s__EX4484-218 sp003661965	Thermoproteota	Bathyarchaeia
GCA_004193545.1	ArchPhaZ_hydrolase	RPGO01000033.1_2	1	d__Archaea;p__Halobacteriota;c__Methanosarcinia;o__Methanosarcinales;f__EX4572-44;g__Argoarchaeum;s__Argoarchaeum ethanivorans	Halobacteriota	Methanosarcinia
GCA_004524545.1	ArchPhaZ_hydrolase	SDNX01000079.1_5	1	d__Archaea;p__Asgardarchaeota;c__Lokiarchaeia;o__Sigyniarchaeales;f__Promethearchaeaceae;g__AMARA-1;s__AMARA-1 sp004524545	Asgardarchaeota	Lokiarchaeia
GCA_005878325.1	ArchPhaZ_hydrolase	VBMR01000066.1_3	1	d__Archaea;p__Thermoplasmatota;c__Thermoplasmata;o__RBG-16-68-12;f__RBG-16-68-12;g__RBG-16-68-12;s__RBG-16-68-12 sp005878325	Thermoplasmatota	Thermoplasmata
GCA_005878385.1	ArchPhaZ_hydrolase	VBMN01000070.1_2	1	d__Archaea;p__Thermoplasmatota;c__Thermoplasmata;o__RBG-16-68-12;f__RBG-16-68-12;g__RBG-16-68-12;s__RBG-16-68-12 sp005878385	Thermoplasmatota	Thermoplasmata
GCA_005878635.1	ArchPhaZ_hydrolase	VBLS01000007.1_10	1	d__Archaea;p__Thermoplasmatota;c__Thermoplasmata;o__RBG-16-68-12;f__RBG-16-68-12;g__RBG-16-68-12;s__RBG-16-68-12 sp005878635	Thermoplasmatota	Thermoplasmata
GCA_005879015.1	ArchPhaZ_hydrolase	VBMC01000218.1_2	1	d__Archaea;p__Thermoplasmatota;c__Thermoplasmata;o__RBG-16-68-12;f__RBG-16-68-12;g__RBG-16-68-12;s__RBG-16-68-12 sp005879015	Thermoplasmatota	Thermoplasmata
GCA_005879065.1	ArchPhaZ_hydrolase	VBLU01000061.1_4	1	d__Archaea;p__Thermoplasmatota;c__Thermoplasmata;o__RBG-16-68-12;f__RBG-16-68-12;g__RBG-16-68-12;s__RBG-16-68-12 sp005879065	Thermoplasmatota	Thermoplasmata
GCA_011048835.1	ArchPhaZ_hydrolase	DSDF01000039.1_11	1	d__Archaea;p__Halobacteriota;c__Methanomicrobia;o__Methanomicrobiales;f__Methanomicrobiaceae;g__DSDF01;s__DSDF01 sp011048835	Halobacteriota	Methanomicrobia
GCA_011049045.1	ArchPhaZ_hydrolase	DSCO01000064.1_13	1	d__Archaea;p__Halobacteriota;c__Syntropharchaeia;o__Alkanophagales;f__Methanospirareceae;g__JACGMN01;s__JACGMN01 sp011049045	Halobacteriota	Syntropharchaeia
GCA_012961645.1	ArchPhaZ_hydrolase	DTYY01000013.1_6	1	d__Archaea;p__Halobacteriota;c__Methanosarcinia;o__Methanosarcinales;f__Methanogasteraceae;g__Methanogaster_D;s__Methanogaster_D sp012961645	Halobacteriota	Methanosarcinia
GCA_013290045.1	ArchPhaZ_hydrolase	JABCYU010000152.1_1	1	d__Archaea;p__Thermoplasmatota;c__Thermoplasmata;o__Lutacidiplasmatales;f__UBA184;g__Lutacidiplasma;s__Lutacidiplasma sp013290045	Thermoplasmatota	Thermoplasmata
GCA_013329855.1	ArchPhaZ_hydrolase	DUJI01000048.1_4	1	d__Archaea;p__Thermoplasmatota;c__Thermoplasmata;o__RBG-16-68-12;f__RBG-16-68-12;g__RBG-16-68-12;s__RBG-16-68-12 sp8695u	Thermoplasmatota	Thermoplasmata
GCA_014361295.1	ArchPhaZ_hydrolase	JACIVX010000037.1_2	1	d__Archaea;p__Thermoplasmatota;c__Thermoplasmata;o__Methanomassiliicoccales;f__JACIVX01;g__JACIVX01;s__JACIVX01 sp014361295	Thermoplasmatota	Thermoplasmata
GCA_014894395.1	ArchPhaZ_hydrolase	JADBLO010000025.1_17	1	d__Archaea;p__Thermoplasmatota;c__E2;o__DHVEG-1;f__DHVEG-1;g__SM1-50;s__SM1-50 sp014894395	Thermoplasmatota	E2
GCA_015520985.1	ArchPhaZ_hydrolase	WAOY01000078.1_5	1	d__Archaea;p__Thermoplasmatota;c__Thermoplasmata;o__Thermoplasmatales;f__Aciduliprofundaceae;g__JAADDK01;s__JAADDK01 sp015520985	Thermoplasmatota	Thermoplasmata
GCA_016874675.1	ArchPhaZ_hydrolase	VGTL01000014.1_46	2	d__Archaea;p__Thermoplasmatota;c__DTKX01;o__VGTL01;f__VGTL01;g__VGTL01;s__VGTL01 sp016874675	Thermoplasmatota	DTKX01
GCA_016874675.1	ArchPhaZ_hydrolase	VGTL01000018.1_21	2	d__Archaea;p__Thermoplasmatota;c__DTKX01;o__VGTL01;f__VGTL01;g__VGTL01;s__VGTL01 sp016874675	Thermoplasmatota	DTKX01
GCA_016933055.1	ArchPhaZ_hydrolase	JAFGBS010000011.1_34	1	d__Archaea;p__Asgardarchaeota;c__Lokiarchaeia;o__Sigyniarchaeales;f__Promethearchaeaceae;g__AMARA-1;s__AMARA-1 sp016933055	Asgardarchaeota	Lokiarchaeia
GCA_016936135.1	ArchPhaZ_hydrolase	JAFGPP010000081.1_1	1	d__Archaea;p__Thermoplasmatota;c__E2;o__DHVEG-1;f__DHVEG-1;g__JAFGPP01;s__JAFGPP01 sp016936135	Thermoplasmatota	E2
GCA_018334795.1	ArchPhaZ_hydrolase	JAGXLH010000056.1_5	1	d__Archaea;p__Thermoplasmatota;c__E2;o__DHVEG-1;f__DHVEG-1;g__EX4572-165;s__EX4572-165 sp018334795	Thermoplasmatota	E2
GCA_020341795.1	ArchPhaZ_hydrolase	CP070836.1_623	1	d__Archaea;p__Thermoplasmatota;c__E2;o__DHVEG-1;f__DHVEG-1;g__M9B1D;s__M9B1D sp020341795	Thermoplasmatota	E2
GCA_020345645.1	ArchPhaZ_hydrolase	CP070765.1_1235	1	d__Archaea;p__Thermoproteota;c__Bathyarchaeia;o__Bathyarchaeales;f__SOJC01;g__JAGLZJ01;s__JAGLZJ01 sp020345645	Thermoproteota	Bathyarchaeia
GCA_020348445.1	ArchPhaZ_hydrolase	CP070751.1_357	1	d__Archaea;p__Thermoplasmatota;c__Thermoplasmata;o__GCA-020350865;f__GCA-020350865;g__GCA-020348445;s__GCA-020348445 sp020348445	Thermoplasmatota	Thermoplasmata
GCA_020356005.1	ArchPhaZ_hydrolase	CP070629.1_1400	1	d__Archaea;p__Thermoplasmatota;c__Penumbrarchaeia;o__JAEHCK01;f__GCA-020356005;g__GCA-020356005;s__GCA-020356005 sp020356005	Thermoplasmatota	Penumbrarchaeia
GCA_021325135.1	ArchPhaZ_hydrolase	JAJPHT010000050.1_38	1	d__Archaea;p__Thermoplasmatota;c__SW-10-69-26;o__JACQPN01;f__JAJPHT01;g__JAJPHT01;s__JAJPHT01 sp021325135	Thermoplasmatota	SW-10-69-26
GCA_021809545.1	ArchPhaZ_hydrolase	JAKAYL010000022.1_16	1	d__Archaea;p__Thermoplasmatota;c__Thermoplasmata;o__Lutacidiplasmatales;f__UBA184;g__JAJYEA01;s__JAJYEA01 sp021809545	Thermoplasmatota	Thermoplasmata
GCA_022749845.1	ArchPhaZ_hydrolase	JAKIWX010000025.1_12	1	d__Archaea;p__Thermoplasmatota;c__Thermoplasmata;o__Lutacidiplasmatales;f__UBA184;g__JAKIVR01;s__JAKIVR01 sp022749845	Thermoplasmatota	Thermoplasmata
GCA_022749895.1	ArchPhaZ_hydrolase	JAKIWS010000003.1_43	2	d__Archaea;p__Thermoplasmatota;c__Thermoplasmata;o__Lutacidiplasmatales;f__UBA184;g__Lutacidiplasma;s__Lutacidiplasma sp022749895	Thermoplasmatota	Thermoplasmata
GCA_022749895.1	ArchPhaZ_hydrolase	JAKIWS010000024.1_16	2	d__Archaea;p__Thermoplasmatota;c__Thermoplasmata;o__Lutacidiplasmatales;f__UBA184;g__Lutacidiplasma;s__Lutacidiplasma sp022749895	Thermoplasmatota	Thermoplasmata
GCA_022749995.1	ArchPhaZ_hydrolase	JAKIWO010000014.1_13	1	d__Archaea;p__Thermoplasmatota;c__Thermoplasmata;o__Lutacidiplasmatales;f__UBA184;g__JAKIVR01;s__JAKIVR01 sp022749995	Thermoplasmatota	Thermoplasmata
GCA_022750125.1	ArchPhaZ_hydrolase	JAKIWH010000101.1_4	1	d__Archaea;p__Thermoplasmatota;c__Thermoplasmata;o__Lutacidiplasmatales;f__UBA184;g__JAKIVR01;s__JAKIVR01 sp022750125	Thermoplasmatota	Thermoplasmata
GCA_022750195.1	ArchPhaZ_hydrolase	JAKIWE010000006.1_130	1	d__Archaea;p__Thermoplasmatota;c__Thermoplasmata;o__Lutacidiplasmatales;f__UBA184;g__Lutacidiplasma;s__Lutacidiplasma sp022750195	Thermoplasmatota	Thermoplasmata
GCA_022750205.1	ArchPhaZ_hydrolase	JAKIWD010000019.1_8	1	d__Archaea;p__Thermoplasmatota;c__Thermoplasmata;o__Lutacidiplasmatales;f__UBA184;g__Lutacidiplasma;s__Lutacidiplasma sp022750205	Thermoplasmatota	Thermoplasmata
GCA_022750295.1	ArchPhaZ_hydrolase	JAKIVZ010000001.1_54	1	d__Archaea;p__Thermoplasmatota;c__Thermoplasmata;o__Lutacidiplasmatales;f__UBA184;g__Lutacidiplasma;s__Lutacidiplasma silvani	Thermoplasmatota	Thermoplasmata
GCA_022750415.1	ArchPhaZ_hydrolase	JAKIVT010000024.1_2	3	d__Archaea;p__Thermoplasmatota;c__Thermoplasmata;o__Lutacidiplasmatales;f__UBA184;g__Lutacidiplasma;s__Lutacidiplasma sp022750415	Thermoplasmatota	Thermoplasmata
GCA_022750415.1	ArchPhaZ_hydrolase	JAKIVT010000030.1_13	3	d__Archaea;p__Thermoplasmatota;c__Thermoplasmata;o__Lutacidiplasmatales;f__UBA184;g__Lutacidiplasma;s__Lutacidiplasma sp022750415	Thermoplasmatota	Thermoplasmata
GCA_022750415.1	ArchPhaZ_hydrolase	JAKIVT010000043.1_8	3	d__Archaea;p__Thermoplasmatota;c__Thermoplasmata;o__Lutacidiplasmatales;f__UBA184;g__Lutacidiplasma;s__Lutacidiplasma sp022750415	Thermoplasmatota	Thermoplasmata
GCA_022750455.1	ArchPhaZ_hydrolase	JAKIVR010000029.1_8	1	d__Archaea;p__Thermoplasmatota;c__Thermoplasmata;o__Lutacidiplasmatales;f__UBA184;g__JAKIVR01;s__JAKIVR01 sp022750455	Thermoplasmatota	Thermoplasmata
GCA_023130895.1	ArchPhaZ_hydrolase	JAGMAI010000118.1_18	1	d__Archaea;p__Thermoplasmatota;c__Thermoplasmata;o__RBG-16-68-12;f__JAGMCJ01;g__JAGMCJ01;s__JAGMCJ01 sp023130895	Thermoplasmatota	Thermoplasmata
GCA_023136265.1	ArchPhaZ_hydrolase	JAGLRN010000009.1_29	1	d__Archaea;p__Thermoplasmatota;c__Thermoplasmata;o__RBG-16-68-12;f__JAGMCJ01;g__JAGMCJ01;s__JAGMCJ01 sp023136265	Thermoplasmatota	Thermoplasmata
GCA_023140035.1	ArchPhaZ_hydrolase	JAGLML010000156.1_1	1	d__Archaea;p__Thermoplasmatota;c__E2;o__DHVEG-1;f__DHVEG-1;g__JAGLML01;s__JAGLML01 sp023140035	Thermoplasmatota	E2
GCA_025457865.1	ArchPhaZ_hydrolase	JALOTP010000030.1_25	1	d__Archaea;p__Thermoplasmatota;c__Penumbrarchaeia;o__Penumbrarchaeales;f__Penumbrarchaeaceae;g__JALOTP01;s__JALOTP01 sp025457865	Thermoplasmatota	Penumbrarchaeia
GCA_026014875.1	ArchPhaZ_hydrolase	JAOZHO010000034.1_69	1	d__Archaea;p__Thermoproteota;c__Bathyarchaeia;o__TCS64;f__TCS64;g__GCA-2726865;s__GCA-2726865 sp026014875	Thermoproteota	Bathyarchaeia
GCA_026394495.1	ArchPhaZ_hydrolase	JAPKYE010000024.1_1	1	d__Archaea;p__Thermoplasmatota;c__E2;o__DHVEG-1;f__DHVEG-1;g__CAIYYQ01;s__CAIYYQ01 sp026394495	Thermoplasmatota	E2
GCA_027062125.1	ArchPhaZ_hydrolase	JAMOTW010000192.1_4	1	d__Archaea;p__Methanobacteriota_B;c__Thermococci;o__Thermococcales;f__Thermococcaceae;g__Thermococcus;s__Thermococcus sp027062125	Methanobacteriota_B	Thermococci
GCA_027314165.1	ArchPhaZ_hydrolase	DAHVCH010000002.1_36	1	d__Archaea;p__Thermoplasmatota;c__Thermoplasmata;o__Lutacidiplasmatales;f__UBA184;g__JAKAAX01;s__JAKAAX01 sp027314165	Thermoplasmatota	Thermoplasmata
GCA_027315455.1	ArchPhaZ_hydrolase	DAHUXZ010000011.1_13	1	d__Archaea;p__Thermoplasmatota;c__Thermoplasmata;o__Lutacidiplasmatales;f__UBA184;g__Lutacidiplasma;s__Lutacidiplasma sp027315455	Thermoplasmatota	Thermoplasmata
GCA_028679275.1	ArchPhaZ_hydrolase	JAJRBV010000047.1_2	1	d__Archaea;p__Halobacteriota;c__Methanomicrobia;o__Methanomicrobiales;f__Methanospirillaceae;g__UBA9949;s__UBA9949 sp028679275	Halobacteriota	Methanomicrobia
GCA_028679315.1	ArchPhaZ_hydrolase	JAJRBU010000119.1_3	1	d__Archaea;p__Halobacteriota;c__Methanomicrobia;o__Methanomicrobiales;f__Methanospirillaceae;g__UBA9949;s__UBA9949 sp028679315	Halobacteriota	Methanomicrobia
GCA_028864975.1	ArchPhaZ_hydrolase	JAGWLG010000041.1_18	2	d__Archaea;p__Thermoplasmatota;c__Thermoplasmata;o__Lutacidiplasmatales;f__UBA184;g__JAKAAX01;s__JAKAAX01 sp028864975	Thermoplasmatota	Thermoplasmata
GCA_028864975.1	ArchPhaZ_hydrolase	JAGWLG010000042.1_13	2	d__Archaea;p__Thermoplasmatota;c__Thermoplasmata;o__Lutacidiplasmatales;f__UBA184;g__JAKAAX01;s__JAKAAX01 sp028864975	Thermoplasmatota	Thermoplasmata
GCA_029762575.1	ArchPhaZ_hydrolase	JARVGL010000047.1_5	1	d__Archaea;p__Thermoplasmatota;c__E2;o__DHVEG-1;f__DHVEG-1;g__EX4572-165;s__EX4572-165 sp029762575	Thermoplasmatota	E2
GCA_029762625.1	ArchPhaZ_hydrolase	JARVGI010000004.1_5	1	d__Archaea;p__Halobacteriota;c__Methanomicrobia;o__Methanomicrobiales;f__Methanomicrobiaceae;g__DSDF01;s__DSDF01 sp029762625	Halobacteriota	Methanomicrobia
GCA_029776125.1	ArchPhaZ_hydrolase	JARVJS010000014.1_22	1	d__Archaea;p__Thermoproteota;c__Nitrososphaeria;o__JACIWG01;f__JACIWG01;g__JACIWG01;s__JACIWG01 sp029776125	Thermoproteota	Nitrososphaeria
GCA_029907305.1	ArchPhaZ_hydrolase	JARYMC010000023.1_1	1	d__Archaea;p__Thermoplasmatota;c__E2;o__DHVEG-1;f__DHVEG-1;g__JARYMC01;s__JARYMC01 sp029907305	Thermoplasmatota	E2
GCA_029939595.1	ArchPhaZ_hydrolase	JAOZSQ010000051.1_7	1	d__Archaea;p__Thermoplasmatota;c__E2;o__DHVEG-1;f__DHVEG-1;g__EX4572-165;s__EX4572-165 sp002254885	Thermoplasmatota	E2
GCA_030037815.1	ArchPhaZ_hydrolase	JASHPZ010000055.1_23	1	d__Archaea;p__Thermoplasmatota;c__Thermoplasmata;o__Lutacidiplasmatales;f__UBA184;g__Lutacidiplasma;s__Lutacidiplasma sp030037815	Thermoplasmatota	Thermoplasmata
GCA_030040035.1	ArchPhaZ_hydrolase	JASHUJ010000009.1_4	1	d__Archaea;p__Thermoplasmatota;c__Thermoplasmata;o__Lutacidiplasmatales;f__UBA184;g__Lutacidiplasma;s__Lutacidiplasma sp030040035	Thermoplasmatota	Thermoplasmata
GCA_030044475.1	ArchPhaZ_hydrolase	JASHVP010000189.1_6	1	d__Archaea;p__Thermoplasmatota;c__Thermoplasmata;o__Lutacidiplasmatales;f__UBA184;g__Lutacidiplasma;s__Lutacidiplasma sp030044475	Thermoplasmatota	Thermoplasmata
GCA_030595765.1	ArchPhaZ_hydrolase	JAUVCJ010000198.1_1	1	d__Archaea;p__Thermoplasmatota;c__Thermoplasmata;o__GCA-020350865;f__JAUVCJ01;g__JAUVCJ01;s__JAUVCJ01 sp030595765	Thermoplasmatota	Thermoplasmata
GCA_030597775.1	ArchPhaZ_hydrolase	JAUVRF010000207.1_1	1	d__Archaea;p__Thermoplasmatota;c__DTKX01;o__DTKX01;f__GCA-020343715;g__GCA-020343715;s__GCA-020343715 sp030597775	Thermoplasmatota	DTKX01
GCA_030605245.1	ArchPhaZ_hydrolase	JAUWIS010000172.1_1	1	d__Archaea;p__Thermoplasmatota;c__JASEFT01;o__JASEFT01;f__JAUWIS01;g__JAUWIS01;s__JAUWIS01 sp030605245	Thermoplasmatota	JASEFT01
GCA_030605805.1	ArchPhaZ_hydrolase	JAUWHQ010000198.1_12	1	d__Archaea;p__Halobacteriota;c__Methanosarcinia;o__Methanosarcinales;f__Methanogasteraceae;g__Methanogaster_D;s__Methanogaster_D sp030605805	Halobacteriota	Methanosarcinia
GCA_030606465.1	ArchPhaZ_hydrolase	JAUWGL010000101.1_2	1	d__Archaea;p__Thermoplasmatota;c__E2;o__DHVEG-1;f__DHVEG-1;g__JAUWGL01;s__JAUWGL01 sp030606465	Thermoplasmatota	E2
GCA_030606635.1	ArchPhaZ_hydrolase	JAUWGA010000048.1_9	1	d__Archaea;p__Halobacteriota;c__Methanosarcinia;o__Methanosarcinales;f__Methanogasteraceae;g__Methanogaster_A;s__Methanogaster_A sp030606635	Halobacteriota	Methanosarcinia
GCA_030640725.1	ArchPhaZ_hydrolase	DAOWIV010000175.1_2	1	d__Archaea;p__Halobacteriota;c__Methanosarcinia;o__Methanosarcinales;f__Methanogasteraceae;g__Methanogaster_D;s__Methanogaster_D sp030640725	Halobacteriota	Methanosarcinia
GCA_030672305.1	ArchPhaZ_hydrolase	DAOVGR010000014.1_20	1	d__Archaea;p__Thermoplasmatota;c__E2;o__DHVEG-1;f__DHVEG-1;g__SG8-52-3;s__SG8-52-3 sp030672305	Thermoplasmatota	E2
GCA_030672345.1	ArchPhaZ_hydrolase	DAOVGO010000045.1_2	1	d__Archaea;p__Halobacteriota;c__Methanosarcinia;o__Methanosarcinales;f__Methanogasteraceae;g__Methanogaster_D;s__Methanogaster_D sp030672345	Halobacteriota	Methanosarcinia
GCA_030739585.1	ArchPhaZ_hydrolase	JASLYX010000007.1_26	1	d__Archaea;p__Thermoproteota;c__Bathyarchaeia;o__TCS64;f__TCS64;g__GCA-2726865;s__GCA-2726865 sp030739585	Thermoproteota	Bathyarchaeia
GCA_030748895.1	ArchPhaZ_hydrolase	JASMLC010000002.1_85	1	d__Archaea;p__Thermoplasmatota;c__Poseidoniia;o__MGIII;f__CG-Epi1;g__UBA8886;s__UBA8886 sp002509165	Thermoplasmatota	Poseidoniia
GCA_030754655.1	ArchPhaZ_hydrolase	JASLZX010000004.1_66	1	d__Archaea;p__Thermoplasmatota;c__Poseidoniia;o__MGIII;f__CG-Epi1;g__UBA8886;s__UBA8886 sp002731655	Thermoplasmatota	Poseidoniia
GCA_031285085.1	ArchPhaZ_hydrolase	JAITWW010000125.1_6	1	d__Archaea;p__Halobacteriota;c__Methanomicrobia;o__Methanomicrobiales;f__Methanospirillaceae;g__Methanofilum;s__Methanofilum arcanum	Halobacteriota	Methanomicrobia
GCA_034660415.1	ArchPhaZ_hydrolase	JAYEJE010000327.1_2	1	d__Archaea;p__Halobacteriota;c__Syntropharchaeia;o__Alkanophagales;f__Methanospirareceae;g__Methanophaga;s__Methanophaga sp034660415	Halobacteriota	Syntropharchaeia
GCA_034660695.1	ArchPhaZ_hydrolase	JAYEJS010000087.1_5	2	d__Archaea;p__Thermoplasmatota;c__E2;o__UBA202;f__DSCA01;g__JAYEJS01;s__JAYEJS01 sp034660695	Thermoplasmatota	E2
GCA_034660695.1	ArchPhaZ_hydrolase	JAYEJS010000152.1_4	2	d__Archaea;p__Thermoplasmatota;c__E2;o__UBA202;f__DSCA01;g__JAYEJS01;s__JAYEJS01 sp034660695	Thermoplasmatota	E2
GCA_035283365.1	ArchPhaZ_hydrolase	DATETY010000050.1_14	1	d__Archaea;p__Thermoplasmatota;c__Thermoplasmata;o__RBG-16-68-12;f__RBG-16-68-12;g__RBG-16-68-12;s__RBG-16-68-12 sp035283365	Thermoplasmatota	Thermoplasmata
GCA_035299725.1	ArchPhaZ_hydrolase	DATGWB010000127.1_10	1	d__Archaea;p__Thermoplasmatota;c__Thermoplasmata;o__RBG-16-68-12;f__RBG-16-68-12;g__RBG-16-68-12;s__RBG-16-68-12 sp035299725	Thermoplasmatota	Thermoplasmata
GCA_035499145.1	ArchPhaZ_hydrolase	DATJZK010000094.1_7	1	d__Archaea;p__Thermoplasmatota;c__Thermoplasmata;o__Lutacidiplasmatales;f__UBA184;g__Lutacidiplasma;s__Lutacidiplasma sp035499145	Thermoplasmatota	Thermoplasmata
GCA_035502055.1	ArchPhaZ_hydrolase	DATJVB010000019.1_4	1	d__Archaea;p__Thermoplasmatota;c__Thermoplasmata;o__Lutacidiplasmatales;f__UBA184;g__Lutacidiplasma;s__Lutacidiplasma sp035502055	Thermoplasmatota	Thermoplasmata
GCA_035506675.1	ArchPhaZ_hydrolase	DATJOX010000059.1_1	1	d__Archaea;p__Thermoplasmatota;c__Thermoplasmata;o__Methanomassiliicoccales;f__UBA472;g__JAJRAL01;s__JAJRAL01 sp035506675	Thermoplasmatota	Thermoplasmata
GCA_035507575.1	ArchPhaZ_hydrolase	DATJNY010000002.1_8	1	d__Archaea;p__Thermoplasmatota;c__Thermoplasmata;o__Lutacidiplasmatales;f__UBA184;g__Lutacidiplasma;s__Lutacidiplasma sp035507575	Thermoplasmatota	Thermoplasmata
GCA_035526585.1	ArchPhaZ_hydrolase	DATLCC010000107.1_1	1	d__Archaea;p__Thermoplasmatota;c__SW-10-69-26;o__JACQPN01;f__JAJPHT01;g__JAJPHT01;s__JAJPHT01 sp035526585	Thermoplasmatota	SW-10-69-26
GCA_035540375.1	ArchPhaZ_hydrolase	DATLGO010000071.1_26	1	d__Archaea;p__Thermoplasmatota;c__SW-10-69-26;o__JACQPN01;f__JAJPHT01;g__DATLGO01;s__DATLGO01 sp035540375	Thermoplasmatota	SW-10-69-26
GCA_035541015.1	ArchPhaZ_hydrolase	DATLFM010000037.1_18	1	d__Archaea;p__Thermoplasmatota;c__SW-10-69-26;o__JACQPN01;f__JAIVGT01;g__DATLFM01;s__DATLFM01 sp035541015	Thermoplasmatota	SW-10-69-26
GCA_035543435.1	ArchPhaZ_hydrolase	DATKKD010000085.1_2	1	d__Archaea;p__Thermoplasmatota;c__E2;o__DHVEG-1;f__DHVEG-1;g__SM1-50;s__SM1-50 sp035543435	Thermoplasmatota	E2
GCA_035557795.1	ArchPhaZ_hydrolase	DATMDM010000026.1_7	1	d__Archaea;p__Thermoplasmatota;c__Thermoplasmata;o__RBG-16-68-12;f__RBG-16-68-12;g__RBG-16-68-12;s__RBG-16-68-12 sp035557795	Thermoplasmatota	Thermoplasmata
GCA_035560835.1	ArchPhaZ_hydrolase	DATMYS010000221.1_3	1	d__Archaea;p__Halobacteriota;c__Methanosarcinia;o__Methanosarcinales;f__Methanosarcinaceae;g__Methanosarcina;s__Methanosarcina sp035560835	Halobacteriota	Methanosarcinia
GCA_035626895.1	ArchPhaZ_hydrolase	DASPMU010000061.1_20	1	d__Archaea;p__Nanobdellota;c__Nanobdellia;o__Woesearchaeales;f__UBA9642;g__UBA9642;s__UBA9642 sp035626895	Nanobdellota	Nanobdellia
GCA_035632035.1	ArchPhaZ_hydrolase	DASQHP010000040.1_1	1	d__Archaea;p__Thermoplasmatota;c__Thermoplasmata;o__Lutacidiplasmatales;f__UBA184;g__Lutacidiplasma;s__Lutacidiplasma sp035632035	Thermoplasmatota	Thermoplasmata
GCA_035636595.1	ArchPhaZ_hydrolase	DASPYU010000021.1_18	1	d__Archaea;p__Thermoplasmatota;c__Thermoplasmata;o__RBG-16-68-12;f__RBG-16-68-12;g__RBG-16-68-12;s__RBG-16-68-12 sp035636595	Thermoplasmatota	Thermoplasmata
GCA_035639595.1	ArchPhaZ_hydrolase	DASQXV010000049.1_2	3	d__Archaea;p__Thermoplasmatota;c__Thermoplasmata;o__RBG-16-68-12;f__RBG-16-68-12;g__RBG-16-68-12;s__RBG-16-68-12 sp035639595	Thermoplasmatota	Thermoplasmata
GCA_035639595.1	ArchPhaZ_hydrolase	DASQXV010000140.1_2	3	d__Archaea;p__Thermoplasmatota;c__Thermoplasmata;o__RBG-16-68-12;f__RBG-16-68-12;g__RBG-16-68-12;s__RBG-16-68-12 sp035639595	Thermoplasmatota	Thermoplasmata
GCA_035639595.1	ArchPhaZ_hydrolase	DASQXV010000151.1_2	3	d__Archaea;p__Thermoplasmatota;c__Thermoplasmata;o__RBG-16-68-12;f__RBG-16-68-12;g__RBG-16-68-12;s__RBG-16-68-12 sp035639595	Thermoplasmatota	Thermoplasmata
GCA_035656275.1	ArchPhaZ_hydrolase	DASRSW010000031.1_28	1	d__Archaea;p__Thermoplasmatota;c__Thermoplasmata;o__Lutacidiplasmatales;f__UBA184;g__Lutacidiplasma;s__Lutacidiplasma sp035656275	Thermoplasmatota	Thermoplasmata
GCA_035933635.1	ArchPhaZ_hydrolase	DASYYY010000031.1_196	1	d__Archaea;p__Thermoplasmatota;c__Thermoplasmata;o__Lutacidiplasmatales;f__UBA184;g__JAKIVR01;s__JAKIVR01 sp035933635	Thermoplasmatota	Thermoplasmata
GCA_035945735.1	ArchPhaZ_hydrolase	DASYZY010000123.1_9	1	d__Archaea;p__Thermoplasmatota;c__Thermoplasmata;o__Lutacidiplasmatales;f__UBA184;g__JAKIVR01;s__JAKIVR01 sp035945735	Thermoplasmatota	Thermoplasmata
GCA_036003985.1	ArchPhaZ_hydrolase	DASYRW010000244.1_4	1	d__Archaea;p__Thermoplasmatota;c__SW-10-69-26;o__JACQPN01;f__JAIVGT01;g__JAIVGT01;s__JAIVGT01 sp036003985	Thermoplasmatota	SW-10-69-26
GCA_036007995.1	ArchPhaZ_hydrolase	DASYOF010000196.1_7	2	d__Archaea;p__Thermoplasmatota;c__Thermoplasmata;o__Lutacidiplasmatales;f__UBA184;g__Lutacidiplasma;s__Lutacidiplasma sp036007995	Thermoplasmatota	Thermoplasmata
GCA_036007995.1	ArchPhaZ_hydrolase	DASYOF010000310.1_7	2	d__Archaea;p__Thermoplasmatota;c__Thermoplasmata;o__Lutacidiplasmatales;f__UBA184;g__Lutacidiplasma;s__Lutacidiplasma sp036007995	Thermoplasmatota	Thermoplasmata
GCA_036393695.1	ArchPhaZ_hydrolase	DASWGO010000088.1_5	1	d__Archaea;p__Thermoplasmatota;c__Thermoplasmata;o__RBG-16-68-12;f__RBG-16-68-12;g__RBG-16-68-12;s__RBG-16-68-12 sp036393695	Thermoplasmatota	Thermoplasmata
GCA_038851075.1	ArchPhaZ_hydrolase	JAWCLG010000003.1_71	1	d__Archaea;p__Hadarchaeota;c__Hadarchaeia;o__Hadarchaeales;f__Hadarchaeaceae;g__JAWCKV01;s__JAWCKV01 sp038851075	Hadarchaeota	Hadarchaeia
GCA_038884455.1	ArchPhaZ_hydrolase	JAWABU010000002.1_60	1	d__Archaea;p__Thermoplasmatota;c__E2;o__DHVEG-1;f__DHVEG-1;g__JAWABU01;s__JAWABU01 sp038884455	Thermoplasmatota	E2
GCA_041499475.1	ArchPhaZ_hydrolase	JBGQKI010000023.1_33	2	d__Archaea;p__Thermoplasmatota;c__DTKX01;o__DTKX01;f__DATEUP01;g__DATEUP01;s__DATEUP01 sp041499475	Thermoplasmatota	DTKX01
GCA_041499475.1	ArchPhaZ_hydrolase	JBGQKI010000028.1_15	2	d__Archaea;p__Thermoplasmatota;c__DTKX01;o__DTKX01;f__DATEUP01;g__DATEUP01;s__DATEUP01 sp041499475	Thermoplasmatota	DTKX01
GCA_041550515.1	ArchPhaZ_hydrolase	JBFEOQ010000024.1_2	1	d__Archaea;p__Thermoplasmatota;c__E2;o__DHVEG-1;f__DHVEG-1;g__PFL35;s__PFL35 sp041550515	Thermoplasmatota	E2
GCA_041566495.1	ArchPhaZ_hydrolase	JBFGSX010000213.1_2	1	d__Archaea;p__Thermoplasmatota;c__E2;o__JACPAO01;f__JAHFTW01;g__JBFGSX01;s__JBFGSX01 sp041566495	Thermoplasmatota	E2
GCA_041624075.1	ArchPhaZ_hydrolase	JBFJVP010000234.1_1	1	d__Archaea;p__Thermoplasmatota;c__E2;o__JACPAO01;f__JAHFTW01;g__JBFJVP01;s__JBFJVP01 sp041624075	Thermoplasmatota	E2
GCA_041659985.1	ArchPhaZ_hydrolase	JBAZXE010000075.1_2	1	d__Archaea;p__Thermoplasmatota;c__E2;o__JACPAO01;f__JAHFTW01;g__JAHFTW01;s__JAHFTW01 sp041659985	Thermoplasmatota	E2
GCA_043806635.1	ArchPhaZ_hydrolase	JAZDGT010000010.1_57	1	d__Archaea;p__Thermoplasmatota;c__E2;o__DHVEG-1;f__DHVEG-1;g__JAZDGT01;s__JAZDGT01 sp043806635	Thermoplasmatota	E2
GCA_046485165.1	ArchPhaZ_hydrolase	JAWOHM010000135.1_4	1	d__Archaea;p__Thermoplasmatota;c__Thermoplasmata;o__SG8-5;f__SG8-5;g__UBA147;s__UBA147 sp046485165	Thermoplasmatota	Thermoplasmata
GCA_046496795.1	ArchPhaZ_hydrolase	JAWOGM010000004.1_7	1	d__Archaea;p__Thermoplasmatota;c__E2;o__DHVEG-1;f__DHVEG-1;g__JAUWYM01;s__JAUWYM01 sp046496795	Thermoplasmatota	E2
GCA_046538435.1	ArchPhaZ_hydrolase	JBKHIX010000195.1_1	1	d__Archaea;p__Thermoplasmatota;c__Thermoplasmata;o__Halarchaeoplasmatales;f__Halarchaeoplasmataceae;g__CAYSTL01;s__CAYSTL01 sp046538435	Thermoplasmatota	Thermoplasmata
GCA_046761045.1	ArchPhaZ_hydrolase	JBHIFJ010000011.1_2	1	d__Archaea;p__Thermoplasmatota;c__Thermoplasmata;o__RBG-16-68-12;f__JAGMCJ01;g__JAGMCJ01;s__JAGMCJ01 sp046761045	Thermoplasmatota	Thermoplasmata
GCA_047617305.1	ArchPhaZ_hydrolase	JBLGCL010000085.1_3	1	d__Archaea;p__Halobacteriota;c__Halobacteria;o__Halobacteriales;f__Natrialbaceae;g__DATFIX01;s__DATFIX01 sp047617305	Halobacteriota	Halobacteria
GCA_048940045.1	ArchPhaZ_hydrolase	JBHLOX010000172.1_1	1	d__Archaea;p__Asgardarchaeota;c__Thorarchaeia;o__Thorarchaeales;f__Thorarchaeaceae;g__SMTZ1-45;s__SMTZ1-45 sp048940045	Asgardarchaeota	Thorarchaeia
GCA_049591535.1	ArchPhaZ_hydrolase	JBAWFC010000078.1_12	1	d__Archaea;p__Thermoplasmatota;c__Thermoplasmata;o__Lutacidiplasmatales;f__UBA184;g__Lutacidiplasma;s__Lutacidiplasma sp049591535	Thermoplasmatota	Thermoplasmata
GCA_049800095.1	ArchPhaZ_hydrolase	JBARJD010000044.1_7	1	d__Archaea;p__Thermoplasmatota;c__Thermoplasmata;o__Lutacidiplasmatales;f__UBA184;g__JAKIWV01;s__JAKIWV01 sp049800095	Thermoplasmatota	Thermoplasmata
GCA_049802875.1	ArchPhaZ_hydrolase	JBARNH010000013.1_12	1	d__Archaea;p__Thermoplasmatota;c__Thermoplasmata;o__Lutacidiplasmatales;f__UBA184;g__Lutacidiplasma;s__Lutacidiplasma sp049802875	Thermoplasmatota	Thermoplasmata
GCA_049970895.1	ArchPhaZ_hydrolase	JBMFMB010000008.1_60	1	d__Archaea;p__Thermoproteota;c__Bathyarchaeia;o__Bathyarchaeales;f__Bathycorpusculaceae;g__JAGTQI01;s__JAGTQI01 sp049970895	Thermoproteota	Bathyarchaeia
GCA_050011355.1	ArchPhaZ_hydrolase	JBEKJG010000010.1_52	1	d__Archaea;p__Thermoplasmatota;c__Thermoplasmata;o__Lutacidiplasmatales;f__UBA184;g__Lutacidiplasma;s__Lutacidiplasma sp050011355	Thermoplasmatota	Thermoplasmata
GCA_050749465.1	ArchPhaZ_hydrolase	JBOGRO010000003.1_8	1	d__Archaea;p__Thermoplasmatota;c__Thermoplasmata;o__Lutacidiplasmatales;f__UBA184;g__Lutacidiplasma;s__Lutacidiplasma sp050749465	Thermoplasmatota	Thermoplasmata
GCA_051747545.1	ArchPhaZ_hydrolase	JBNJGG010000091.1_11	2	d__Archaea;p__Halobacteriota;c__Halobacteria;o__Halobacteriales;f__Haloferacaceae;g__JBNJGG01;s__JBNJGG01 sp051747545	Halobacteriota	Halobacteria
GCA_051747545.1	ArchPhaZ_hydrolase	JBNJGG010000173.1_1	2	d__Archaea;p__Halobacteriota;c__Halobacteria;o__Halobacteriales;f__Haloferacaceae;g__JBNJGG01;s__JBNJGG01 sp051747545	Halobacteriota	Halobacteria
GCA_052315415.1	ArchPhaZ_hydrolase	JBLSDH010000026.1_12	1	d__Archaea;p__Thermoplasmatota;c__Thermoplasmata;o__Thermoplasmatales;f__Thermoplasmataceae;g__Cuniculiplasma;s__Cuniculiplasma sp052315415	Thermoplasmatota	Thermoplasmata
GCA_902385635.1	ArchPhaZ_hydrolase	CABMGN010000004.1_33	1	d__Archaea;p__Nanobdellota;c__Nanobdellia;o__Pacearchaeales;f__GW2011-AR1;g__CABMGN01;s__CABMGN01 sp902385635	Nanobdellota	Nanobdellia
GCA_902531985.1	ArchPhaZ_hydrolase	CACAGG010000006.1_5	1	d__Archaea;p__Thermoplasmatota;c__Poseidoniia;o__MGIII;f__CG-Epi1;g__CG-Epi1;s__CG-Epi1 sp902531985	Thermoplasmatota	Poseidoniia
GCA_902627615.1	ArchPhaZ_hydrolase	CACOJW010000004.1_84	1	d__Archaea;p__Thermoplasmatota;c__Poseidoniia;o__MGIII;f__CG-Epi1;g__CG-Epi1;s__CG-Epi1 sp902627615	Thermoplasmatota	Poseidoniia
GCA_937142015.1	ArchPhaZ_hydrolase	CAKZQY010000148.1_8	1	d__Archaea;p__Halobacteriota;c__Halobacteria;o__Halobacteriales;f__Haloferacaceae;g__JAHENP01;s__JAHENP01 sp937142015	Halobacteriota	Halobacteria
GCA_938004075.1	ArchPhaZ_hydrolase	CALKWP010000094.1_4	1	d__Archaea;p__Thermoplasmatota;c__Thermoplasmata;o__SG8-5;f__SG8-5;g__UBA147;s__UBA147 sp938004075	Thermoplasmatota	Thermoplasmata
GCA_963578705.1	ArchPhaZ_hydrolase	CAUZDT010000016.1_9	1	d__Archaea;p__Thermoplasmatota;c__Poseidoniia;o__MGIII;f__CG-Epi1;g__UBA8886;s__UBA8886 sp963578705	Thermoplasmatota	Poseidoniia
GCA_963708255.1	ArchPhaZ_hydrolase	CAVPSE010000005.1_75	1	d__Archaea;p__Thermoplasmatota;c__Thermoplasmata;o__Lutacidiplasmatales;f__UBA184;g__Lutacidiplasma;s__Lutacidiplasma sp963708255	Thermoplasmatota	Thermoplasmata
GCA_963764995.1	ArchPhaZ_hydrolase	CAVXUJ010000012.1_194	1	d__Archaea;p__Halobacteriota;c__Methanosarcinia;o__Methanotrichales;f__Methanotrichaceae;g__Methanothrix;s__Methanothrix sp963764995	Halobacteriota	Methanosarcinia
GCA_963804525.1	ArchPhaZ_hydrolase	CAWDQO010000002.1_170	2	d__Archaea;p__Thermoplasmatota;c__Thermoplasmata;o__Lutacidiplasmatales;f__UBA184;g__Lutacidiplasma;s__Lutacidiplasma sp963804525	Thermoplasmatota	Thermoplasmata
GCA_963804525.1	ArchPhaZ_hydrolase	CAWDQO010000005.1_115	2	d__Archaea;p__Thermoplasmatota;c__Thermoplasmata;o__Lutacidiplasmatales;f__UBA184;g__Lutacidiplasma;s__Lutacidiplasma sp963804525	Thermoplasmatota	Thermoplasmata
GCA_963809105.1	ArchPhaZ_hydrolase	CAWEIC010000001.1_243	1	d__Archaea;p__Halobacteriota;c__Methanomicrobia;o__Methanomicrobiales;f__Methanospirillaceae;g__CAIKOD01;s__CAIKOD01 sp963809105	Halobacteriota	Methanomicrobia
GCA_963828315.1	ArchPhaZ_hydrolase	CAWHEC010000012.1_15	1	d__Archaea;p__Halobacteriota;c__Methanomicrobia;o__Methanomicrobiales;f__Methanospirillaceae;g__UBA9949;s__UBA9949 sp963828315	Halobacteriota	Methanomicrobia
GCA_963996465.1	ArchPhaZ_hydrolase	CAXEHI010000033.1_1	1	d__Archaea;p__Thermoplasmatota;c__Poseidoniia;o__MGIII;f__CG-Epi1;g__UBA102;s__UBA102 sp002509225	Thermoplasmatota	Poseidoniia
GCA_964015055.1	ArchPhaZ_hydrolase	CAXHBG010000022.1_13	1	d__Archaea;p__Thermoplasmatota;c__Poseidoniia;o__MGIII;f__CG-Epi1;g__CG-Epi1;s__CG-Epi1 sp964015055	Thermoplasmatota	Poseidoniia
GCA_964342815.1	ArchPhaZ_hydrolase	CAYFHS010000019.1_37	2	d__Archaea;p__Thermoplasmatota;c__Penumbrarchaeia;o__JASLWR01;f__JASLWR01;g__JASLWR01;s__JASLWR01 sp964342815	Thermoplasmatota	Penumbrarchaeia
GCA_964342815.1	ArchPhaZ_hydrolase	CAYFHS010000022.1_9	2	d__Archaea;p__Thermoplasmatota;c__Penumbrarchaeia;o__JASLWR01;f__JASLWR01;g__JASLWR01;s__JASLWR01 sp964342815	Thermoplasmatota	Penumbrarchaeia
GCA_964347145.1	ArchPhaZ_hydrolase	CAYFXU010000001.1_25	2	d__Archaea;p__Thermoproteota;c__Bathyarchaeia;o__Bathyarchaeales;f__Bathyarchaeaceae;g__CAYFXU01;s__CAYFXU01 sp964347145	Thermoproteota	Bathyarchaeia
GCA_964347145.1	ArchPhaZ_hydrolase	CAYFXU010000006.1_4	2	d__Archaea;p__Thermoproteota;c__Bathyarchaeia;o__Bathyarchaeales;f__Bathyarchaeaceae;g__CAYFXU01;s__CAYFXU01 sp964347145	Thermoproteota	Bathyarchaeia
GCA_964347865.1	ArchPhaZ_hydrolase	CAYGAC010000086.1_10	1	d__Archaea;p__Thermoplasmatota;c__E2;o__DHVEG-1;f__DHVEG-1;g__JAGLML01;s__JAGLML01 sp964347865	Thermoplasmatota	E2
GCA_964353355.1	ArchPhaZ_hydrolase	CAYGVT010000014.1_21	2	d__Archaea;p__Thermoplasmatota;c__DTKX01;o__DTKX01;f__GCA-020343715;g__CAYGVT01;s__CAYGVT01 sp964353355	Thermoplasmatota	DTKX01
GCA_964353355.1	ArchPhaZ_hydrolase	CAYGVT010000035.1_2	2	d__Archaea;p__Thermoplasmatota;c__DTKX01;o__DTKX01;f__GCA-020343715;g__CAYGVT01;s__CAYGVT01 sp964353355	Thermoplasmatota	DTKX01
GCA_964354055.1	ArchPhaZ_hydrolase	CAYGYI010000128.1_4	1	d__Archaea;p__Thermoproteota;c__Bathyarchaeia;o__Bathyarchaeales;f__Bathycorpusculaceae;g__DATKKK01;s__DATKKK01 sp964354055	Thermoproteota	Bathyarchaeia
GCA_964373095.1	ArchPhaZ_hydrolase	CAYJSR010000007.1_16	1	d__Archaea;p__Nanobdellota;c__Nanobdellia;o__SCGC-AAA011-G17;f__GW2011-AR18;g__CAYJSR01;s__CAYJSR01 sp964373095	Nanobdellota	Nanobdellia
GCA_964384785.1	ArchPhaZ_hydrolase	CAYLLH010000110.1_5	1	d__Archaea;p__Thermoplasmatota;c__E2;o__DHVEG-1;f__DHVEG-1;g__JAZKSG01;s__JAZKSG01 sp964384785	Thermoplasmatota	E2
GCA_964385215.1	ArchPhaZ_hydrolase	CAYLOF010000166.1_3	2	d__Archaea;p__Thermoplasmatota;c__E2;o__DHVEG-1;f__DHVEG-1;g__DAOWHD01;s__DAOWHD01 sp964385215	Thermoplasmatota	E2
GCA_964385215.1	ArchPhaZ_hydrolase	CAYLOF010000217.1_4	2	d__Archaea;p__Thermoplasmatota;c__E2;o__DHVEG-1;f__DHVEG-1;g__DAOWHD01;s__DAOWHD01 sp964385215	Thermoplasmatota	E2
GCA_964386655.1	ArchPhaZ_hydrolase	CAYLSJ010000044.1_4	1	d__Archaea;p__Thermoproteota;c__Bathyarchaeia;o__Bathyarchaeales;f__Bathyarchaeaceae;g__DATETJ01;s__DATETJ01 sp964386655	Thermoproteota	Bathyarchaeia
GCA_964394465.1	ArchPhaZ_hydrolase	CAYMXS010000037.1_1	1	d__Archaea;p__Thermoplasmatota;c__Thermoplasmata;o__Halarchaeoplasmatales;f__Halarchaeoplasmataceae;g__CAYMXS01;s__CAYMXS01 sp964394465	Thermoplasmatota	Thermoplasmata
GCA_964406955.1	ArchPhaZ_hydrolase	CAYOTP010000042.1_11	1	d__Archaea;p__Thermoplasmatota;c__E2;o__DHVEG-1;f__DHVEG-1;g__EX4572-165;s__EX4572-165 sp964406955	Thermoplasmatota	E2
GCA_964410735.1	ArchPhaZ_hydrolase	CAYPIF010000038.1_6	1	d__Archaea;p__Thermoplasmatota;c__E2;o__DHVEG-1;f__DHVEG-1;g__EX4572-165;s__EX4572-165 sp964410735	Thermoplasmatota	E2
GCA_964422605.1	ArchPhaZ_hydrolase	CAYRBK010000001.1_20	1	d__Archaea;p__Thermoproteota;c__Bathyarchaeia;o__Bathyarchaeales;f__DTEX01;g__CAYRBK01;s__CAYRBK01 sp964422605	Thermoproteota	Bathyarchaeia
GCA_964430885.1	ArchPhaZ_hydrolase	CAYSHM010000001.1_15	1	d__Archaea;p__Thermoplasmatota;c__Penumbrarchaeia;o__JASLWR01;f__JASLWR01;g__CAYSHM01;s__CAYSHM01 sp964430885	Thermoplasmatota	Penumbrarchaeia
GCA_964434005.1	ArchPhaZ_hydrolase	CAYSSW010000004.1_5	1	d__Archaea;p__Halobacteriota;c__Methanomicrobia;o__Methanomicrobiales;f__Methanospirillaceae;g__Methanospirillum;s__Methanospirillum sp964434005	Halobacteriota	Methanomicrobia
GCA_964464425.1	ArchPhaZ_hydrolase	CAYXGD010000050.1_9	1	d__Archaea;p__Thermoplasmatota;c__SW-10-69-26;o__SW-10-69-26;f__SW-10-69-26;g__CAYXGD01;s__CAYXGD01 sp964464425	Thermoplasmatota	SW-10-69-26
GCA_964473335.1	ArchPhaZ_hydrolase	CAYYOO010000001.1_4	1	d__Archaea;p__Thermoplasmatota;c__E2;o__DHVEG-1;f__DHVEG-1;g__CAYZTD01;s__CAYZTD01 sp964473335	Thermoplasmatota	E2
GCA_964477945.1	ArchPhaZ_hydrolase	CAYZGA010000001.1_9	1	d__Archaea;p__Halobacteriota;c__Halobacteria;o__Halobacteriales;f__Haloarculaceae;g__Halovenus;s__Halovenus sp964477945	Halobacteriota	Halobacteria
GCA_964495775.1	ArchPhaZ_hydrolase	CAZBXJ010000062.1_3	1	d__Archaea;p__Thermoplasmatota;c__E2;o__UBA202;f__JdFR-43;g__JAPDJP01;s__JAPDJP01 sp964495775	Thermoplasmatota	E2
GCA_964498825.1	ArchPhaZ_hydrolase	CAZCKG010000009.1_16	1	d__Archaea;p__Halobacteriota;c__Methanosarcinia;o__Methanosarcinales;f__Methanosarcinaceae;g__Methanosarcina;s__Methanosarcina sp964498825	Halobacteriota	Methanosarcinia
GCA_964499875.1	ArchPhaZ_hydrolase	CAZCPZ010000186.1_3	1	d__Archaea;p__Thermoplasmatota;c__E2;o__DHVEG-1;f__DHVEG-1;g__B44-G15;s__B44-G15 sp964499875	Thermoplasmatota	E2
GCA_964518035.1	ArchPhaZ_hydrolase	CAZFFD010000028.1_25	1	d__Archaea;p__Halobacteriota;c__Methanosarcinia;o__Methanotrichales;f__Methanotrichaceae;g__Methanothrix;s__Methanothrix sp964518035	Halobacteriota	Methanosarcinia
GCA_964518165.1	ArchPhaZ_hydrolase	CAZFFN010000086.1_6	1	d__Archaea;p__Thermoplasmatota;c__E2;o__DHVEG-1;f__DHVEG-1;g__CAYZTD01;s__CAYZTD01 sp964518165	Thermoplasmatota	E2
GCA_964520335.1	ArchPhaZ_hydrolase	CAZFNE010000257.1_1	1	d__Archaea;p__Halobacteriota;c__Methanosarcinia;o__Methanosarcinales;f__Methanosarcinaceae;g__Methanosarcina;s__Methanosarcina sp964520335	Halobacteriota	Methanosarcinia
GCA_964530745.1	ArchPhaZ_hydrolase	CAZHBO010000119.1_1	1	d__Archaea;p__Thermoplasmatota;c__E2;o__UBA202;f__DSCA01;g__CAZHBO01;s__CAZHBO01 sp964530745	Thermoplasmatota	E2
GCA_964533085.1	ArchPhaZ_hydrolase	CAZHIY010000161.1_2	1	d__Archaea;p__Thermoplasmatota;c__E2;o__DHVEG-1;f__DHVEG-1;g__SG8-52-3;s__SG8-52-3 sp964533085	Thermoplasmatota	E2
GCA_964548665.1	ArchPhaZ_hydrolase	CAZJQL010000001.1_151	1	d__Archaea;p__Nanobdellota;c__Nanobdellia;o__Woesearchaeales;f__21-14-0-10-32-9;g__21-14-0-10-32-9;s__21-14-0-10-32-9 sp964548665	Nanobdellota	Nanobdellia
GCA_964555835.1	ArchPhaZ_hydrolase	CAZKUB010000189.1_18	1	d__Archaea;p__Thermoplasmatota;c__E2;o__DHVEG-1;f__DHVEG-1;g__CAZKUB01;s__CAZKUB01 sp964555835	Thermoplasmatota	E2
GCA_964585175.1	ArchPhaZ_hydrolase	CAZPCW010000008.1_8	1	d__Archaea;p__Thermoplasmatota;c__Thermoplasmata;o__Halarchaeoplasmatales;f__Halarchaeoplasmataceae;g__Natronoplasma;s__Natronoplasma sp964585175	Thermoplasmatota	Thermoplasmata
GCA_964592335.1	ArchPhaZ_hydrolase	CAZQEU010000026.1_2	1	d__Archaea;p__Thermoplasmatota;c__E2;o__DHVEG-1;f__DHVEG-1;g__CAZKUB01;s__CAZKUB01 sp964592335	Thermoplasmatota	E2
GCA_964594475.1	ArchPhaZ_hydrolase	CAZQMI010000024.1_11	2	d__Archaea;p__Thermoplasmatota;c__E2;o__DHVEG-1;f__DHVEG-1;g__EX4572-165;s__EX4572-165 sp964594475	Thermoplasmatota	E2
GCA_964594475.1	ArchPhaZ_hydrolase	CAZQMI010000047.1_6	2	d__Archaea;p__Thermoplasmatota;c__E2;o__DHVEG-1;f__DHVEG-1;g__EX4572-165;s__EX4572-165 sp964594475	Thermoplasmatota	E2
GCA_964596255.1	ArchPhaZ_hydrolase	CAZQTT010000076.1_13	1	d__Archaea;p__Halobacteriota;c__Archaeoglobi;o__Archaeoglobales;f__Archaeoglobaceae;g__JdFR-22;s__JdFR-22 sp964596255	Halobacteriota	Archaeoglobi
GCA_964605795.1	ArchPhaZ_hydrolase	CAZSDZ010000001.1_137	1	d__Archaea;p__Halobacteriota;c__Methanomicrobia;o__Methanomicrobiales;f__Methanospirillaceae;g__JAFGOM01;s__JAFGOM01 sp964605795	Halobacteriota	Methanomicrobia
GCA_964609045.1	ArchPhaZ_hydrolase	CAZSUE010000077.1_4	1	d__Archaea;p__Thermoplasmatota;c__Penumbrarchaeia;o__CAZSUE01;f__CAZSUE01;g__CAZSUE01;s__CAZSUE01 sp964609045	Thermoplasmatota	Penumbrarchaeia
GCA_964615235.1	ArchPhaZ_hydrolase	CAZTMK010000033.1_12	1	d__Archaea;p__Thermoplasmatota;c__E2;o__DHVEG-1;f__DHVEG-1;g__JAFGPP01;s__JAFGPP01 sp964615235	Thermoplasmatota	E2
GCA_964618505.1	ArchPhaZ_hydrolase	CAZUBH010000008.1_77	1	d__Archaea;p__Thermoplasmatota;c__E2;o__DHVEG-1;f__DHVEG-1;g__CAZUBH01;s__CAZUBH01 sp964618505	Thermoplasmatota	E2
GCA_964627915.1	ArchPhaZ_hydrolase	CAZVKY010000003.1_29	2	d__Archaea;p__Thermoplasmatota;c__E2;o__DHVEG-1;f__DHVEG-1;g__EX4572-165;s__EX4572-165 sp964627915	Thermoplasmatota	E2
GCA_964627915.1	ArchPhaZ_hydrolase	CAZVKY010000086.1_5	2	d__Archaea;p__Thermoplasmatota;c__E2;o__DHVEG-1;f__DHVEG-1;g__EX4572-165;s__EX4572-165 sp964627915	Thermoplasmatota	E2
GCA_964628765.1	ArchPhaZ_hydrolase	CAZVMT010000180.1_4	1	d__Archaea;p__Thermoproteota;c__Bathyarchaeia;o__TCS64;f__TCS64;g__RBG-16-57-9;s__RBG-16-57-9 sp964628765	Thermoproteota	Bathyarchaeia
GCA_964636235.1	ArchPhaZ_hydrolase	CAZWQV010000092.1_2	1	d__Archaea;p__Thermoplasmatota;c__E2;o__DHVEG-1;f__DHVEG-1;g__EX4572-165;s__EX4572-165 sp964636235	Thermoplasmatota	E2
GCA_964638155.1	ArchPhaZ_hydrolase	CAZWYI010000003.1_33	1	d__Archaea;p__Thermoplasmatota;c__E2;o__DHVEG-1;f__DHVEG-1;g__CAYZTD01;s__CAYZTD01 sp964638155	Thermoplasmatota	E2
GCA_964640555.1	ArchPhaZ_hydrolase	CAZXHI010000045.1_13	1	d__Archaea;p__Thermoplasmatota;c__E2;o__DHVEG-1;f__DHVEG-1;g__JAUWWG01;s__JAUWWG01 sp964640555	Thermoplasmatota	E2
GCA_964647775.1	ArchPhaZ_hydrolase	CAZYJH010000013.1_8	1	d__Archaea;p__Thermoproteota;c__Bathyarchaeia;o__Bathyarchaeales;f__Bathyarchaeaceae;g__Bathyarchaeum;s__Bathyarchaeum sp964647775	Thermoproteota	Bathyarchaeia
GCA_965195165.1	ArchPhaZ_hydrolase	CBDAFH010000043.1_2	1	d__Archaea;p__Halobacteriota;c__Methanosarcinia;o__Methanosarcinales;f__Methanogasteraceae;g__Methanogaster_A;s__Methanogaster_A sp965195165	Halobacteriota	Methanosarcinia
GCA_965372445.1	ArchPhaZ_hydrolase	CBDVCJ010000275.1_3	1	d__Archaea;p__Thermoplasmatota;c__Penumbrarchaeia;o__JAEHCK01;f__CBDVCJ01;g__CBDVCJ01;s__CBDVCJ01 sp965372445	Thermoplasmatota	Penumbrarchaeia
GCF_000243255.1	ArchPhaZ_hydrolase	NZ_CM001436.1_2947	1	d__Archaea;p__Halobacteriota;c__Methanomicrobia;o__Methanomicrobiales;f__Methanomicrobiaceae;g__Methanoplanus;s__Methanoplanus limicola	Halobacteriota	Methanomicrobia
GCF_000336915.1	ArchPhaZ_hydrolase	NZ_AOMD01000005.1_80	1	d__Archaea;p__Halobacteriota;c__Halobacteria;o__Halobacteriales;f__Halococcaceae;g__Halococcus;s__Halococcus saccharolyticus	Halobacteriota	Halobacteria
GCF_000337175.1	ArchPhaZ_hydrolase	NZ_AOIJ01000048.1_31	1	d__Archaea;p__Halobacteriota;c__Halobacteria;o__Halobacteriales;f__Natrialbaceae;g__Natrinema;s__Natrinema gari	Halobacteriota	Halobacteria
GCF_000337615.1	ArchPhaZ_hydrolase	NZ_AOII01000014.1_19	1	d__Archaea;p__Halobacteriota;c__Halobacteria;o__Halobacteriales;f__Natrialbaceae;g__Natrinema;s__Natrinema pallidum	Halobacteriota	Halobacteria
GCF_000969985.1	ArchPhaZ_hydrolase	NZ_CP009526.1_3491	1	d__Archaea;p__Halobacteriota;c__Methanosarcinia;o__Methanosarcinales;f__Methanosarcinaceae;g__Methanosarcina;s__Methanosarcina barkeri_B	Halobacteriota	Methanosarcinia
GCF_000970045.1	ArchPhaZ_hydrolase	NZ_CP009505.1_2902	1	d__Archaea;p__Halobacteriota;c__Methanosarcinia;o__Methanosarcinales;f__Methanosarcinaceae;g__MTP4;s__MTP4 sp000970045	Halobacteriota	Methanosarcinia
GCF_002287235.1	ArchPhaZ_hydrolase	NZ_LMVP01000025.1_2	1	d__Archaea;p__Halobacteriota;c__Methanosarcinia;o__Methanosarcinales;f__Methanosarcinaceae;g__Methanosarcina;s__Methanosarcina spelaei	Halobacteriota	Methanosarcinia
GCF_007004735.1	ArchPhaZ_hydrolase	NZ_SSNL01000006.1_52	1	d__Archaea;p__Halobacteriota;c__Halobacteria;o__Halobacteriales;f__Haloferacaceae;g__Salinigranum;s__Salinigranum halophilum	Halobacteriota	Halobacteria
GCF_013401515.1	ArchPhaZ_hydrolase	NZ_CP058530.1_240	1	d__Archaea;p__Halobacteriota;c__Halobacteria;o__Halobacteriales;f__Haloferacaceae;g__Halorarum;s__Halorarum halophilum	Halobacteriota	Halobacteria
GCF_013402815.2	ArchPhaZ_hydrolase	NZ_CP058601.1_2190	1	d__Archaea;p__Halobacteriota;c__Halobacteria;o__Halobacteriales;f__Natrialbaceae;g__Natrinema;s__Natrinema halophilum	Halobacteriota	Halobacteria
GCF_013402875.1	ArchPhaZ_hydrolase	NZ_CP058579.1_2172	1	d__Archaea;p__Halobacteriota;c__Halobacteria;o__Halobacteriales;f__Haloferacaceae;g__Halorarum;s__Halorarum salinum	Halobacteriota	Halobacteria
GCF_024498195.1	ArchPhaZ_hydrolase	NZ_CP101824.1_255	2	d__Archaea;p__Halobacteriota;c__Halobacteria;o__Halobacteriales;f__Natrialbaceae;g__Halovivax;s__Halovivax cerinus	Halobacteriota	Halobacteria
GCF_024498195.1	ArchPhaZ_hydrolase	NZ_CP101824.1_3238	2	d__Archaea;p__Halobacteriota;c__Halobacteria;o__Halobacteriales;f__Natrialbaceae;g__Halovivax;s__Halovivax cerinus	Halobacteriota	Halobacteria
GCF_031461075.1	ArchPhaZ_hydrolase	NZ_JAVKPK010000001.1_90	1	d__Archaea;p__Halobacteriota;c__Methanosarcinia;o__Methanosarcinales;f__Methanosarcinaceae;g__Methanosarcina;s__Methanosarcina baikalica	Halobacteriota	Methanosarcinia
GCF_035406105.1	ArchPhaZ_hydrolase	NZ_DAONKG010000268.1_1	1	d__Archaea;p__Halobacteriota;c__Methanomicrobia;o__Methanomicrobiales;f__Methanospirillaceae;g__Methanospirillum;s__Methanospirillum sp035406105	Halobacteriota	Methanomicrobia
GCF_052056915.1	ArchPhaZ_hydrolase	NZ_CP195119.1_2712	1	d__Archaea;p__Halobacteriota;c__Methanosarcinia;o__Methanosarcinales;f__Methanosarcinaceae;g__MTP4;s__MTP4 sp052056915	Halobacteriota	Methanosarcinia
